old_dataset_image,old_dataset_path,class,duplicate_type,similarity_score,action
sj-03-2810_001.tif,C:\Users\LIKHITH ARYA\OneDrive\Desktop\The Dataset for Major Project\Malignant Lymphoma Classification\CLL\sj-03-2810_001.tif,CLL,INDEPENDENT_UNIQUE,0.0,EXTERNAL_BENCHMARK_KEEP
sj-03-2810_002.tif,C:\Users\LIKHITH ARYA\OneDrive\Desktop\The Dataset for Major Project\Malignant Lymphoma Classification\CLL\sj-03-2810_002.tif,CLL,INDEPENDENT_UNIQUE,0.0,EXTERNAL_BENCHMARK_KEEP
sj-03-2810_003.tif,C:\Users\LIKHITH ARYA\OneDrive\Desktop\The Dataset for Major Project\Malignant Lymphoma Classification\CLL\sj-03-2810_003.tif,CLL,INDEPENDENT_UNIQUE,0.0,EXTERNAL_BENCHMARK_KEEP
sj-03-2810_004.tif,C:\Users\LIKHITH ARYA\OneDrive\Desktop\The Dataset for Major Project\Malignant Lymphoma Classification\CLL\sj-03-2810_004.tif,CLL,INDEPENDENT_UNIQUE,0.0,EXTERNAL_BENCHMARK_KEEP
sj-03-2810_005.tif,C:\Users\LIKHITH ARYA\OneDrive\Desktop\The Dataset for Major Project\Malignant Lymphoma Classification\CLL\sj-03-2810_005.tif,CLL,INDEPENDENT_UNIQUE,0.0,EXTERNAL_BENCHMARK_KEEP
sj-03-2810_006.tif,C:\Users\LIKHITH ARYA\OneDrive\Desktop\The Dataset for Major Project\Malignant Lymphoma Classification\CLL\sj-03-2810_006.tif,CLL,INDEPENDENT_UNIQUE,0.0,EXTERNAL_BENCHMARK_KEEP
sj-03-2810_007.tif,C:\Users\LIKHITH ARYA\OneDrive\Desktop\The Dataset for Major Project\Malignant Lymphoma Classification\CLL\sj-03-2810_007.tif,CLL,INDEPENDENT_UNIQUE,0.0,EXTERNAL_BENCHMARK_KEEP
sj-03-2810_008.tif,C:\Users\LIKHITH ARYA\OneDrive\Desktop\The Dataset for Major Project\Malignant Lymphoma Classification\CLL\sj-03-2810_008.tif,CLL,INDEPENDENT_UNIQUE,0.0,EXTERNAL_BENCHMARK_KEEP
sj-03-2810_009.tif,C:\Users\LIKHITH ARYA\OneDrive\Desktop\The Dataset for Major Project\Malignant Lymphoma Classification\CLL\sj-03-2810_009.tif,CLL,INDEPENDENT_UNIQUE,0.0,EXTERNAL_BENCHMARK_KEEP
sj-03-2810_010.tif,C:\Users\LIKHITH ARYA\OneDrive\Desktop\The Dataset for Major Project\Malignant Lymphoma Classification\CLL\sj-03-2810_010.tif,CLL,INDEPENDENT_UNIQUE,0.0,EXTERNAL_BENCHMARK_KEEP
sj-03-2810_011.tif,C:\Users\LIKHITH ARYA\OneDrive\Desktop\The Dataset for Major Project\Malignant Lymphoma Classification\CLL\sj-03-2810_011.tif,CLL,INDEPENDENT_UNIQUE,0.0,EXTERNAL_BENCHMARK_KEEP
sj-03-476_001.tif,C:\Users\LIKHITH ARYA\OneDrive\Desktop\The Dataset for Major Project\Malignant Lymphoma Classification\CLL\sj-03-476_001.tif,CLL,INDEPENDENT_UNIQUE,0.0,EXTERNAL_BENCHMARK_KEEP
sj-03-476_002.tif,C:\Users\LIKHITH ARYA\OneDrive\Desktop\The Dataset for Major Project\Malignant Lymphoma Classification\CLL\sj-03-476_002.tif,CLL,INDEPENDENT_UNIQUE,0.0,EXTERNAL_BENCHMARK_KEEP
sj-03-476_003.tif,C:\Users\LIKHITH ARYA\OneDrive\Desktop\The Dataset for Major Project\Malignant Lymphoma Classification\CLL\sj-03-476_003.tif,CLL,INDEPENDENT_UNIQUE,0.0,EXTERNAL_BENCHMARK_KEEP
sj-03-476_004.tif,C:\Users\LIKHITH ARYA\OneDrive\Desktop\The Dataset for Major Project\Malignant Lymphoma Classification\CLL\sj-03-476_004.tif,CLL,INDEPENDENT_UNIQUE,0.0,EXTERNAL_BENCHMARK_KEEP
sj-03-476_005.tif,C:\Users\LIKHITH ARYA\OneDrive\Desktop\The Dataset for Major Project\Malignant Lymphoma Classification\CLL\sj-03-476_005.tif,CLL,INDEPENDENT_UNIQUE,0.0,EXTERNAL_BENCHMARK_KEEP
sj-03-476_006.tif,C:\Users\LIKHITH ARYA\OneDrive\Desktop\The Dataset for Major Project\Malignant Lymphoma Classification\CLL\sj-03-476_006.tif,CLL,INDEPENDENT_UNIQUE,0.0,EXTERNAL_BENCHMARK_KEEP
sj-03-476_007.tif,C:\Users\LIKHITH ARYA\OneDrive\Desktop\The Dataset for Major Project\Malignant Lymphoma Classification\CLL\sj-03-476_007.tif,CLL,INDEPENDENT_UNIQUE,0.0,EXTERNAL_BENCHMARK_KEEP
sj-03-476_008.tif,C:\Users\LIKHITH ARYA\OneDrive\Desktop\The Dataset for Major Project\Malignant Lymphoma Classification\CLL\sj-03-476_008.tif,CLL,INDEPENDENT_UNIQUE,0.0,EXTERNAL_BENCHMARK_KEEP
sj-03-476_009.tif,C:\Users\LIKHITH ARYA\OneDrive\Desktop\The Dataset for Major Project\Malignant Lymphoma Classification\CLL\sj-03-476_009.tif,CLL,INDEPENDENT_UNIQUE,0.0,EXTERNAL_BENCHMARK_KEEP
sj-03-476_010.tif,C:\Users\LIKHITH ARYA\OneDrive\Desktop\The Dataset for Major Project\Malignant Lymphoma Classification\CLL\sj-03-476_010.tif,CLL,INDEPENDENT_UNIQUE,0.0,EXTERNAL_BENCHMARK_KEEP
sj-03-4957_001.tif,C:\Users\LIKHITH ARYA\OneDrive\Desktop\The Dataset for Major Project\Malignant Lymphoma Classification\CLL\sj-03-4957_001.tif,CLL,INDEPENDENT_UNIQUE,0.0,EXTERNAL_BENCHMARK_KEEP
sj-03-4957_002.tif,C:\Users\LIKHITH ARYA\OneDrive\Desktop\The Dataset for Major Project\Malignant Lymphoma Classification\CLL\sj-03-4957_002.tif,CLL,INDEPENDENT_UNIQUE,0.0,EXTERNAL_BENCHMARK_KEEP
sj-03-4957_003.tif,C:\Users\LIKHITH ARYA\OneDrive\Desktop\The Dataset for Major Project\Malignant Lymphoma Classification\CLL\sj-03-4957_003.tif,CLL,INDEPENDENT_UNIQUE,0.0,EXTERNAL_BENCHMARK_KEEP
sj-03-4957_004.tif,C:\Users\LIKHITH ARYA\OneDrive\Desktop\The Dataset for Major Project\Malignant Lymphoma Classification\CLL\sj-03-4957_004.tif,CLL,INDEPENDENT_UNIQUE,0.0,EXTERNAL_BENCHMARK_KEEP
sj-03-4957_005.tif,C:\Users\LIKHITH ARYA\OneDrive\Desktop\The Dataset for Major Project\Malignant Lymphoma Classification\CLL\sj-03-4957_005.tif,CLL,INDEPENDENT_UNIQUE,0.0,EXTERNAL_BENCHMARK_KEEP
sj-03-4957_006.tif,C:\Users\LIKHITH ARYA\OneDrive\Desktop\The Dataset for Major Project\Malignant Lymphoma Classification\CLL\sj-03-4957_006.tif,CLL,INDEPENDENT_UNIQUE,0.0,EXTERNAL_BENCHMARK_KEEP
sj-03-4957_007.tif,C:\Users\LIKHITH ARYA\OneDrive\Desktop\The Dataset for Major Project\Malignant Lymphoma Classification\CLL\sj-03-4957_007.tif,CLL,INDEPENDENT_UNIQUE,0.0,EXTERNAL_BENCHMARK_KEEP
sj-03-4957_008.tif,C:\Users\LIKHITH ARYA\OneDrive\Desktop\The Dataset for Major Project\Malignant Lymphoma Classification\CLL\sj-03-4957_008.tif,CLL,INDEPENDENT_UNIQUE,0.0,EXTERNAL_BENCHMARK_KEEP
sj-03-4957_009.tif,C:\Users\LIKHITH ARYA\OneDrive\Desktop\The Dataset for Major Project\Malignant Lymphoma Classification\CLL\sj-03-4957_009.tif,CLL,INDEPENDENT_UNIQUE,0.0,EXTERNAL_BENCHMARK_KEEP
sj-03-4957_010.tif,C:\Users\LIKHITH ARYA\OneDrive\Desktop\The Dataset for Major Project\Malignant Lymphoma Classification\CLL\sj-03-4957_010.tif,CLL,INDEPENDENT_UNIQUE,0.0,EXTERNAL_BENCHMARK_KEEP
sj-03-5521_001.tif,C:\Users\LIKHITH ARYA\OneDrive\Desktop\The Dataset for Major Project\Malignant Lymphoma Classification\CLL\sj-03-5521_001.tif,CLL,INDEPENDENT_UNIQUE,0.0,EXTERNAL_BENCHMARK_KEEP
sj-03-5521_002.tif,C:\Users\LIKHITH ARYA\OneDrive\Desktop\The Dataset for Major Project\Malignant Lymphoma Classification\CLL\sj-03-5521_002.tif,CLL,INDEPENDENT_UNIQUE,0.0,EXTERNAL_BENCHMARK_KEEP
sj-03-5521_003.tif,C:\Users\LIKHITH ARYA\OneDrive\Desktop\The Dataset for Major Project\Malignant Lymphoma Classification\CLL\sj-03-5521_003.tif,CLL,INDEPENDENT_UNIQUE,0.0,EXTERNAL_BENCHMARK_KEEP
sj-03-5521_004.tif,C:\Users\LIKHITH ARYA\OneDrive\Desktop\The Dataset for Major Project\Malignant Lymphoma Classification\CLL\sj-03-5521_004.tif,CLL,INDEPENDENT_UNIQUE,0.0,EXTERNAL_BENCHMARK_KEEP
sj-03-5521_005.tif,C:\Users\LIKHITH ARYA\OneDrive\Desktop\The Dataset for Major Project\Malignant Lymphoma Classification\CLL\sj-03-5521_005.tif,CLL,INDEPENDENT_UNIQUE,0.0,EXTERNAL_BENCHMARK_KEEP
sj-03-5521_006.tif,C:\Users\LIKHITH ARYA\OneDrive\Desktop\The Dataset for Major Project\Malignant Lymphoma Classification\CLL\sj-03-5521_006.tif,CLL,INDEPENDENT_UNIQUE,0.0,EXTERNAL_BENCHMARK_KEEP
sj-03-5521_007.tif,C:\Users\LIKHITH ARYA\OneDrive\Desktop\The Dataset for Major Project\Malignant Lymphoma Classification\CLL\sj-03-5521_007.tif,CLL,INDEPENDENT_UNIQUE,0.0,EXTERNAL_BENCHMARK_KEEP
sj-03-5521_008.tif,C:\Users\LIKHITH ARYA\OneDrive\Desktop\The Dataset for Major Project\Malignant Lymphoma Classification\CLL\sj-03-5521_008.tif,CLL,INDEPENDENT_UNIQUE,0.0,EXTERNAL_BENCHMARK_KEEP
sj-03-5521_009.tif,C:\Users\LIKHITH ARYA\OneDrive\Desktop\The Dataset for Major Project\Malignant Lymphoma Classification\CLL\sj-03-5521_009.tif,CLL,INDEPENDENT_UNIQUE,0.0,EXTERNAL_BENCHMARK_KEEP
sj-03-5521_010.tif,C:\Users\LIKHITH ARYA\OneDrive\Desktop\The Dataset for Major Project\Malignant Lymphoma Classification\CLL\sj-03-5521_010.tif,CLL,INDEPENDENT_UNIQUE,0.0,EXTERNAL_BENCHMARK_KEEP
sj-03-852-R2_001.tif,C:\Users\LIKHITH ARYA\OneDrive\Desktop\The Dataset for Major Project\Malignant Lymphoma Classification\CLL\sj-03-852-R2_001.tif,CLL,INDEPENDENT_UNIQUE,0.0,EXTERNAL_BENCHMARK_KEEP
sj-03-852-R2_002.tif,C:\Users\LIKHITH ARYA\OneDrive\Desktop\The Dataset for Major Project\Malignant Lymphoma Classification\CLL\sj-03-852-R2_002.tif,CLL,INDEPENDENT_UNIQUE,0.0,EXTERNAL_BENCHMARK_KEEP
sj-03-852-R2_003.tif,C:\Users\LIKHITH ARYA\OneDrive\Desktop\The Dataset for Major Project\Malignant Lymphoma Classification\CLL\sj-03-852-R2_003.tif,CLL,INDEPENDENT_UNIQUE,0.0,EXTERNAL_BENCHMARK_KEEP
sj-03-852-R2_004.tif,C:\Users\LIKHITH ARYA\OneDrive\Desktop\The Dataset for Major Project\Malignant Lymphoma Classification\CLL\sj-03-852-R2_004.tif,CLL,INDEPENDENT_UNIQUE,0.0,EXTERNAL_BENCHMARK_KEEP
sj-03-852-R2_005.tif,C:\Users\LIKHITH ARYA\OneDrive\Desktop\The Dataset for Major Project\Malignant Lymphoma Classification\CLL\sj-03-852-R2_005.tif,CLL,INDEPENDENT_UNIQUE,0.0,EXTERNAL_BENCHMARK_KEEP
sj-03-852-R2_006.tif,C:\Users\LIKHITH ARYA\OneDrive\Desktop\The Dataset for Major Project\Malignant Lymphoma Classification\CLL\sj-03-852-R2_006.tif,CLL,INDEPENDENT_UNIQUE,0.0,EXTERNAL_BENCHMARK_KEEP
sj-03-852-R2_007.tif,C:\Users\LIKHITH ARYA\OneDrive\Desktop\The Dataset for Major Project\Malignant Lymphoma Classification\CLL\sj-03-852-R2_007.tif,CLL,INDEPENDENT_UNIQUE,0.0,EXTERNAL_BENCHMARK_KEEP
sj-03-852-R2_008.tif,C:\Users\LIKHITH ARYA\OneDrive\Desktop\The Dataset for Major Project\Malignant Lymphoma Classification\CLL\sj-03-852-R2_008.tif,CLL,INDEPENDENT_UNIQUE,0.0,EXTERNAL_BENCHMARK_KEEP
sj-03-852-R2_009.tif,C:\Users\LIKHITH ARYA\OneDrive\Desktop\The Dataset for Major Project\Malignant Lymphoma Classification\CLL\sj-03-852-R2_009.tif,CLL,INDEPENDENT_UNIQUE,0.0,EXTERNAL_BENCHMARK_KEEP
sj-03-852-R2_010.tif,C:\Users\LIKHITH ARYA\OneDrive\Desktop\The Dataset for Major Project\Malignant Lymphoma Classification\CLL\sj-03-852-R2_010.tif,CLL,INDEPENDENT_UNIQUE,0.0,EXTERNAL_BENCHMARK_KEEP
sj-03-852-R2_011.tif,C:\Users\LIKHITH ARYA\OneDrive\Desktop\The Dataset for Major Project\Malignant Lymphoma Classification\CLL\sj-03-852-R2_011.tif,CLL,INDEPENDENT_UNIQUE,0.0,EXTERNAL_BENCHMARK_KEEP
sj-03-852-R2_012.tif,C:\Users\LIKHITH ARYA\OneDrive\Desktop\The Dataset for Major Project\Malignant Lymphoma Classification\CLL\sj-03-852-R2_012.tif,CLL,INDEPENDENT_UNIQUE,0.0,EXTERNAL_BENCHMARK_KEEP
sj-03-852-R2_013.tif,C:\Users\LIKHITH ARYA\OneDrive\Desktop\The Dataset for Major Project\Malignant Lymphoma Classification\CLL\sj-03-852-R2_013.tif,CLL,INDEPENDENT_UNIQUE,0.0,EXTERNAL_BENCHMARK_KEEP
sj-03-852-R2_014.tif,C:\Users\LIKHITH ARYA\OneDrive\Desktop\The Dataset for Major Project\Malignant Lymphoma Classification\CLL\sj-03-852-R2_014.tif,CLL,INDEPENDENT_UNIQUE,0.0,EXTERNAL_BENCHMARK_KEEP
sj-05-1396-R3_001.tif,C:\Users\LIKHITH ARYA\OneDrive\Desktop\The Dataset for Major Project\Malignant Lymphoma Classification\CLL\sj-05-1396-R3_001.tif,CLL,INDEPENDENT_UNIQUE,0.0,EXTERNAL_BENCHMARK_KEEP
sj-05-1396-R3_002.tif,C:\Users\LIKHITH ARYA\OneDrive\Desktop\The Dataset for Major Project\Malignant Lymphoma Classification\CLL\sj-05-1396-R3_002.tif,CLL,INDEPENDENT_UNIQUE,0.0,EXTERNAL_BENCHMARK_KEEP
sj-05-1396-R3_003.tif,C:\Users\LIKHITH ARYA\OneDrive\Desktop\The Dataset for Major Project\Malignant Lymphoma Classification\CLL\sj-05-1396-R3_003.tif,CLL,INDEPENDENT_UNIQUE,0.0,EXTERNAL_BENCHMARK_KEEP
sj-05-1396-R3_004.tif,C:\Users\LIKHITH ARYA\OneDrive\Desktop\The Dataset for Major Project\Malignant Lymphoma Classification\CLL\sj-05-1396-R3_004.tif,CLL,INDEPENDENT_UNIQUE,0.0,EXTERNAL_BENCHMARK_KEEP
sj-05-1396-R3_005.tif,C:\Users\LIKHITH ARYA\OneDrive\Desktop\The Dataset for Major Project\Malignant Lymphoma Classification\CLL\sj-05-1396-R3_005.tif,CLL,INDEPENDENT_UNIQUE,0.0,EXTERNAL_BENCHMARK_KEEP
sj-05-1396-R3_006.tif,C:\Users\LIKHITH ARYA\OneDrive\Desktop\The Dataset for Major Project\Malignant Lymphoma Classification\CLL\sj-05-1396-R3_006.tif,CLL,INDEPENDENT_UNIQUE,0.0,EXTERNAL_BENCHMARK_KEEP
sj-05-1396-R3_007.tif,C:\Users\LIKHITH ARYA\OneDrive\Desktop\The Dataset for Major Project\Malignant Lymphoma Classification\CLL\sj-05-1396-R3_007.tif,CLL,INDEPENDENT_UNIQUE,0.0,EXTERNAL_BENCHMARK_KEEP
sj-05-1396-R3_008.tif,C:\Users\LIKHITH ARYA\OneDrive\Desktop\The Dataset for Major Project\Malignant Lymphoma Classification\CLL\sj-05-1396-R3_008.tif,CLL,INDEPENDENT_UNIQUE,0.0,EXTERNAL_BENCHMARK_KEEP
sj-05-1396-R3_009.tif,C:\Users\LIKHITH ARYA\OneDrive\Desktop\The Dataset for Major Project\Malignant Lymphoma Classification\CLL\sj-05-1396-R3_009.tif,CLL,INDEPENDENT_UNIQUE,0.0,EXTERNAL_BENCHMARK_KEEP
sj-05-1396-R3_010.tif,C:\Users\LIKHITH ARYA\OneDrive\Desktop\The Dataset for Major Project\Malignant Lymphoma Classification\CLL\sj-05-1396-R3_010.tif,CLL,INDEPENDENT_UNIQUE,0.0,EXTERNAL_BENCHMARK_KEEP
sj-05-1396-R3_011.tif,C:\Users\LIKHITH ARYA\OneDrive\Desktop\The Dataset for Major Project\Malignant Lymphoma Classification\CLL\sj-05-1396-R3_011.tif,CLL,INDEPENDENT_UNIQUE,0.0,EXTERNAL_BENCHMARK_KEEP
sj-05-3165_001.tif,C:\Users\LIKHITH ARYA\OneDrive\Desktop\The Dataset for Major Project\Malignant Lymphoma Classification\CLL\sj-05-3165_001.tif,CLL,INDEPENDENT_UNIQUE,0.0,EXTERNAL_BENCHMARK_KEEP
sj-05-3165_002.tif,C:\Users\LIKHITH ARYA\OneDrive\Desktop\The Dataset for Major Project\Malignant Lymphoma Classification\CLL\sj-05-3165_002.tif,CLL,INDEPENDENT_UNIQUE,0.0,EXTERNAL_BENCHMARK_KEEP
sj-05-3165_003.tif,C:\Users\LIKHITH ARYA\OneDrive\Desktop\The Dataset for Major Project\Malignant Lymphoma Classification\CLL\sj-05-3165_003.tif,CLL,INDEPENDENT_UNIQUE,0.0,EXTERNAL_BENCHMARK_KEEP
sj-05-3165_004.tif,C:\Users\LIKHITH ARYA\OneDrive\Desktop\The Dataset for Major Project\Malignant Lymphoma Classification\CLL\sj-05-3165_004.tif,CLL,INDEPENDENT_UNIQUE,0.0,EXTERNAL_BENCHMARK_KEEP
sj-05-3165_005.tif,C:\Users\LIKHITH ARYA\OneDrive\Desktop\The Dataset for Major Project\Malignant Lymphoma Classification\CLL\sj-05-3165_005.tif,CLL,INDEPENDENT_UNIQUE,0.0,EXTERNAL_BENCHMARK_KEEP
sj-05-3165_006.tif,C:\Users\LIKHITH ARYA\OneDrive\Desktop\The Dataset for Major Project\Malignant Lymphoma Classification\CLL\sj-05-3165_006.tif,CLL,INDEPENDENT_UNIQUE,0.0,EXTERNAL_BENCHMARK_KEEP
sj-05-3165_007.tif,C:\Users\LIKHITH ARYA\OneDrive\Desktop\The Dataset for Major Project\Malignant Lymphoma Classification\CLL\sj-05-3165_007.tif,CLL,INDEPENDENT_UNIQUE,0.0,EXTERNAL_BENCHMARK_KEEP
sj-05-3165_008.tif,C:\Users\LIKHITH ARYA\OneDrive\Desktop\The Dataset for Major Project\Malignant Lymphoma Classification\CLL\sj-05-3165_008.tif,CLL,INDEPENDENT_UNIQUE,0.0,EXTERNAL_BENCHMARK_KEEP
sj-05-3165_009.tif,C:\Users\LIKHITH ARYA\OneDrive\Desktop\The Dataset for Major Project\Malignant Lymphoma Classification\CLL\sj-05-3165_009.tif,CLL,INDEPENDENT_UNIQUE,0.0,EXTERNAL_BENCHMARK_KEEP
sj-05-3165_010.tif,C:\Users\LIKHITH ARYA\OneDrive\Desktop\The Dataset for Major Project\Malignant Lymphoma Classification\CLL\sj-05-3165_010.tif,CLL,INDEPENDENT_UNIQUE,0.0,EXTERNAL_BENCHMARK_KEEP
sj-05-3165_011.tif,C:\Users\LIKHITH ARYA\OneDrive\Desktop\The Dataset for Major Project\Malignant Lymphoma Classification\CLL\sj-05-3165_011.tif,CLL,INDEPENDENT_UNIQUE,0.0,EXTERNAL_BENCHMARK_KEEP
sj-05-3165_012.tif,C:\Users\LIKHITH ARYA\OneDrive\Desktop\The Dataset for Major Project\Malignant Lymphoma Classification\CLL\sj-05-3165_012.tif,CLL,INDEPENDENT_UNIQUE,0.0,EXTERNAL_BENCHMARK_KEEP
sj-05-3344_001.tif,C:\Users\LIKHITH ARYA\OneDrive\Desktop\The Dataset for Major Project\Malignant Lymphoma Classification\CLL\sj-05-3344_001.tif,CLL,INDEPENDENT_UNIQUE,0.0,EXTERNAL_BENCHMARK_KEEP
sj-05-3344_002.tif,C:\Users\LIKHITH ARYA\OneDrive\Desktop\The Dataset for Major Project\Malignant Lymphoma Classification\CLL\sj-05-3344_002.tif,CLL,INDEPENDENT_UNIQUE,0.0,EXTERNAL_BENCHMARK_KEEP
sj-05-3344_003.tif,C:\Users\LIKHITH ARYA\OneDrive\Desktop\The Dataset for Major Project\Malignant Lymphoma Classification\CLL\sj-05-3344_003.tif,CLL,INDEPENDENT_UNIQUE,0.0,EXTERNAL_BENCHMARK_KEEP
sj-05-3344_004.tif,C:\Users\LIKHITH ARYA\OneDrive\Desktop\The Dataset for Major Project\Malignant Lymphoma Classification\CLL\sj-05-3344_004.tif,CLL,INDEPENDENT_UNIQUE,0.0,EXTERNAL_BENCHMARK_KEEP
sj-05-3344_005.tif,C:\Users\LIKHITH ARYA\OneDrive\Desktop\The Dataset for Major Project\Malignant Lymphoma Classification\CLL\sj-05-3344_005.tif,CLL,INDEPENDENT_UNIQUE,0.0,EXTERNAL_BENCHMARK_KEEP
sj-05-3344_006.tif,C:\Users\LIKHITH ARYA\OneDrive\Desktop\The Dataset for Major Project\Malignant Lymphoma Classification\CLL\sj-05-3344_006.tif,CLL,INDEPENDENT_UNIQUE,0.0,EXTERNAL_BENCHMARK_KEEP
sj-05-3344_007.tif,C:\Users\LIKHITH ARYA\OneDrive\Desktop\The Dataset for Major Project\Malignant Lymphoma Classification\CLL\sj-05-3344_007.tif,CLL,INDEPENDENT_UNIQUE,0.0,EXTERNAL_BENCHMARK_KEEP
sj-05-3344_008.tif,C:\Users\LIKHITH ARYA\OneDrive\Desktop\The Dataset for Major Project\Malignant Lymphoma Classification\CLL\sj-05-3344_008.tif,CLL,INDEPENDENT_UNIQUE,0.0,EXTERNAL_BENCHMARK_KEEP
sj-05-3344_009.tif,C:\Users\LIKHITH ARYA\OneDrive\Desktop\The Dataset for Major Project\Malignant Lymphoma Classification\CLL\sj-05-3344_009.tif,CLL,INDEPENDENT_UNIQUE,0.0,EXTERNAL_BENCHMARK_KEEP
sj-05-3344_010.tif,C:\Users\LIKHITH ARYA\OneDrive\Desktop\The Dataset for Major Project\Malignant Lymphoma Classification\CLL\sj-05-3344_010.tif,CLL,INDEPENDENT_UNIQUE,0.0,EXTERNAL_BENCHMARK_KEEP
sj-05-3344_011.tif,C:\Users\LIKHITH ARYA\OneDrive\Desktop\The Dataset for Major Project\Malignant Lymphoma Classification\CLL\sj-05-3344_011.tif,CLL,INDEPENDENT_UNIQUE,0.0,EXTERNAL_BENCHMARK_KEEP
sj-05-3874-R2_001.tif,C:\Users\LIKHITH ARYA\OneDrive\Desktop\The Dataset for Major Project\Malignant Lymphoma Classification\CLL\sj-05-3874-R2_001.tif,CLL,INDEPENDENT_UNIQUE,0.0,EXTERNAL_BENCHMARK_KEEP
sj-05-3874-R2_002.tif,C:\Users\LIKHITH ARYA\OneDrive\Desktop\The Dataset for Major Project\Malignant Lymphoma Classification\CLL\sj-05-3874-R2_002.tif,CLL,INDEPENDENT_UNIQUE,0.0,EXTERNAL_BENCHMARK_KEEP
sj-05-3874-R2_003.tif,C:\Users\LIKHITH ARYA\OneDrive\Desktop\The Dataset for Major Project\Malignant Lymphoma Classification\CLL\sj-05-3874-R2_003.tif,CLL,INDEPENDENT_UNIQUE,0.0,EXTERNAL_BENCHMARK_KEEP
sj-05-3874-R2_004.tif,C:\Users\LIKHITH ARYA\OneDrive\Desktop\The Dataset for Major Project\Malignant Lymphoma Classification\CLL\sj-05-3874-R2_004.tif,CLL,INDEPENDENT_UNIQUE,0.0,EXTERNAL_BENCHMARK_KEEP
sj-05-3874-R2_005.tif,C:\Users\LIKHITH ARYA\OneDrive\Desktop\The Dataset for Major Project\Malignant Lymphoma Classification\CLL\sj-05-3874-R2_005.tif,CLL,INDEPENDENT_UNIQUE,0.0,EXTERNAL_BENCHMARK_KEEP
sj-05-3874-R2_006.tif,C:\Users\LIKHITH ARYA\OneDrive\Desktop\The Dataset for Major Project\Malignant Lymphoma Classification\CLL\sj-05-3874-R2_006.tif,CLL,INDEPENDENT_UNIQUE,0.0,EXTERNAL_BENCHMARK_KEEP
sj-05-3874-R2_007.tif,C:\Users\LIKHITH ARYA\OneDrive\Desktop\The Dataset for Major Project\Malignant Lymphoma Classification\CLL\sj-05-3874-R2_007.tif,CLL,INDEPENDENT_UNIQUE,0.0,EXTERNAL_BENCHMARK_KEEP
sj-05-3874-R2_008.tif,C:\Users\LIKHITH ARYA\OneDrive\Desktop\The Dataset for Major Project\Malignant Lymphoma Classification\CLL\sj-05-3874-R2_008.tif,CLL,INDEPENDENT_UNIQUE,0.0,EXTERNAL_BENCHMARK_KEEP
sj-05-3874-R2_009.tif,C:\Users\LIKHITH ARYA\OneDrive\Desktop\The Dataset for Major Project\Malignant Lymphoma Classification\CLL\sj-05-3874-R2_009.tif,CLL,INDEPENDENT_UNIQUE,0.0,EXTERNAL_BENCHMARK_KEEP
sj-05-3874-R2_010.tif,C:\Users\LIKHITH ARYA\OneDrive\Desktop\The Dataset for Major Project\Malignant Lymphoma Classification\CLL\sj-05-3874-R2_010.tif,CLL,INDEPENDENT_UNIQUE,0.0,EXTERNAL_BENCHMARK_KEEP
sj-05-5269-R10_002.tif,C:\Users\LIKHITH ARYA\OneDrive\Desktop\The Dataset for Major Project\Malignant Lymphoma Classification\CLL\sj-05-5269-R10_002.tif,CLL,INDEPENDENT_UNIQUE,0.0,EXTERNAL_BENCHMARK_KEEP
sj-05-5269-R10_003.tif,C:\Users\LIKHITH ARYA\OneDrive\Desktop\The Dataset for Major Project\Malignant Lymphoma Classification\CLL\sj-05-5269-R10_003.tif,CLL,INDEPENDENT_UNIQUE,0.0,EXTERNAL_BENCHMARK_KEEP
sj-05-5269-R10_004.tif,C:\Users\LIKHITH ARYA\OneDrive\Desktop\The Dataset for Major Project\Malignant Lymphoma Classification\CLL\sj-05-5269-R10_004.tif,CLL,INDEPENDENT_UNIQUE,0.0,EXTERNAL_BENCHMARK_KEEP
sj-05-5269-R10_005.tif,C:\Users\LIKHITH ARYA\OneDrive\Desktop\The Dataset for Major Project\Malignant Lymphoma Classification\CLL\sj-05-5269-R10_005.tif,CLL,INDEPENDENT_UNIQUE,0.0,EXTERNAL_BENCHMARK_KEEP
sj-05-5269-R10_006.tif,C:\Users\LIKHITH ARYA\OneDrive\Desktop\The Dataset for Major Project\Malignant Lymphoma Classification\CLL\sj-05-5269-R10_006.tif,CLL,INDEPENDENT_UNIQUE,0.0,EXTERNAL_BENCHMARK_KEEP
sj-05-5269-R10_007.tif,C:\Users\LIKHITH ARYA\OneDrive\Desktop\The Dataset for Major Project\Malignant Lymphoma Classification\CLL\sj-05-5269-R10_007.tif,CLL,INDEPENDENT_UNIQUE,0.0,EXTERNAL_BENCHMARK_KEEP
sj-05-5269-R10_008.tif,C:\Users\LIKHITH ARYA\OneDrive\Desktop\The Dataset for Major Project\Malignant Lymphoma Classification\CLL\sj-05-5269-R10_008.tif,CLL,INDEPENDENT_UNIQUE,0.0,EXTERNAL_BENCHMARK_KEEP
sj-05-5269-R10_009.tif,C:\Users\LIKHITH ARYA\OneDrive\Desktop\The Dataset for Major Project\Malignant Lymphoma Classification\CLL\sj-05-5269-R10_009.tif,CLL,INDEPENDENT_UNIQUE,0.0,EXTERNAL_BENCHMARK_KEEP
sj-05-5269-R10_010.tif,C:\Users\LIKHITH ARYA\OneDrive\Desktop\The Dataset for Major Project\Malignant Lymphoma Classification\CLL\sj-05-5269-R10_010.tif,CLL,INDEPENDENT_UNIQUE,0.0,EXTERNAL_BENCHMARK_KEEP
sj-05-5269-R10_011.tif,C:\Users\LIKHITH ARYA\OneDrive\Desktop\The Dataset for Major Project\Malignant Lymphoma Classification\CLL\sj-05-5269-R10_011.tif,CLL,INDEPENDENT_UNIQUE,0.0,EXTERNAL_BENCHMARK_KEEP
sj-05-5269-R10_012.tif,C:\Users\LIKHITH ARYA\OneDrive\Desktop\The Dataset for Major Project\Malignant Lymphoma Classification\CLL\sj-05-5269-R10_012.tif,CLL,INDEPENDENT_UNIQUE,0.0,EXTERNAL_BENCHMARK_KEEP
sj-05-5269-R10_013.tif,C:\Users\LIKHITH ARYA\OneDrive\Desktop\The Dataset for Major Project\Malignant Lymphoma Classification\CLL\sj-05-5269-R10_013.tif,CLL,INDEPENDENT_UNIQUE,0.0,EXTERNAL_BENCHMARK_KEEP
sj-05-5269-R10_014.tif,C:\Users\LIKHITH ARYA\OneDrive\Desktop\The Dataset for Major Project\Malignant Lymphoma Classification\CLL\sj-05-5269-R10_014.tif,CLL,INDEPENDENT_UNIQUE,0.0,EXTERNAL_BENCHMARK_KEEP
sj-05-5269-R10_015.tif,C:\Users\LIKHITH ARYA\OneDrive\Desktop\The Dataset for Major Project\Malignant Lymphoma Classification\CLL\sj-05-5269-R10_015.tif,CLL,INDEPENDENT_UNIQUE,0.0,EXTERNAL_BENCHMARK_KEEP
sj-05-1467-R1_001.tif,C:\Users\LIKHITH ARYA\OneDrive\Desktop\The Dataset for Major Project\Malignant Lymphoma Classification\FL\sj-05-1467-R1_001.tif,FL,INDEPENDENT_UNIQUE,0.0,EXTERNAL_BENCHMARK_KEEP
sj-05-1467-R1_002.tif,C:\Users\LIKHITH ARYA\OneDrive\Desktop\The Dataset for Major Project\Malignant Lymphoma Classification\FL\sj-05-1467-R1_002.tif,FL,INDEPENDENT_UNIQUE,0.0,EXTERNAL_BENCHMARK_KEEP
sj-05-1467-R1_003.tif,C:\Users\LIKHITH ARYA\OneDrive\Desktop\The Dataset for Major Project\Malignant Lymphoma Classification\FL\sj-05-1467-R1_003.tif,FL,INDEPENDENT_UNIQUE,0.0,EXTERNAL_BENCHMARK_KEEP
sj-05-1467-R1_004.tif,C:\Users\LIKHITH ARYA\OneDrive\Desktop\The Dataset for Major Project\Malignant Lymphoma Classification\FL\sj-05-1467-R1_004.tif,FL,INDEPENDENT_UNIQUE,0.0,EXTERNAL_BENCHMARK_KEEP
sj-05-1467-R1_005.tif,C:\Users\LIKHITH ARYA\OneDrive\Desktop\The Dataset for Major Project\Malignant Lymphoma Classification\FL\sj-05-1467-R1_005.tif,FL,INDEPENDENT_UNIQUE,0.0,EXTERNAL_BENCHMARK_KEEP
sj-05-1467-R1_006.tif,C:\Users\LIKHITH ARYA\OneDrive\Desktop\The Dataset for Major Project\Malignant Lymphoma Classification\FL\sj-05-1467-R1_006.tif,FL,INDEPENDENT_UNIQUE,0.0,EXTERNAL_BENCHMARK_KEEP
sj-05-1467-R1_007.tif,C:\Users\LIKHITH ARYA\OneDrive\Desktop\The Dataset for Major Project\Malignant Lymphoma Classification\FL\sj-05-1467-R1_007.tif,FL,INDEPENDENT_UNIQUE,0.0,EXTERNAL_BENCHMARK_KEEP
sj-05-1467-R1_008.tif,C:\Users\LIKHITH ARYA\OneDrive\Desktop\The Dataset for Major Project\Malignant Lymphoma Classification\FL\sj-05-1467-R1_008.tif,FL,INDEPENDENT_UNIQUE,0.0,EXTERNAL_BENCHMARK_KEEP
sj-05-1467-R1_009.tif,C:\Users\LIKHITH ARYA\OneDrive\Desktop\The Dataset for Major Project\Malignant Lymphoma Classification\FL\sj-05-1467-R1_009.tif,FL,INDEPENDENT_UNIQUE,0.0,EXTERNAL_BENCHMARK_KEEP
sj-05-1467-R1_010.tif,C:\Users\LIKHITH ARYA\OneDrive\Desktop\The Dataset for Major Project\Malignant Lymphoma Classification\FL\sj-05-1467-R1_010.tif,FL,INDEPENDENT_UNIQUE,0.0,EXTERNAL_BENCHMARK_KEEP
sj-05-1467-R1_011.tif,C:\Users\LIKHITH ARYA\OneDrive\Desktop\The Dataset for Major Project\Malignant Lymphoma Classification\FL\sj-05-1467-R1_011.tif,FL,INDEPENDENT_UNIQUE,0.0,EXTERNAL_BENCHMARK_KEEP
sj-05-1881-R1_001.tif,C:\Users\LIKHITH ARYA\OneDrive\Desktop\The Dataset for Major Project\Malignant Lymphoma Classification\FL\sj-05-1881-R1_001.tif,FL,INDEPENDENT_UNIQUE,0.0,EXTERNAL_BENCHMARK_KEEP
sj-05-1881-R1_002.tif,C:\Users\LIKHITH ARYA\OneDrive\Desktop\The Dataset for Major Project\Malignant Lymphoma Classification\FL\sj-05-1881-R1_002.tif,FL,INDEPENDENT_UNIQUE,0.0,EXTERNAL_BENCHMARK_KEEP
sj-05-1881-R1_003.tif,C:\Users\LIKHITH ARYA\OneDrive\Desktop\The Dataset for Major Project\Malignant Lymphoma Classification\FL\sj-05-1881-R1_003.tif,FL,INDEPENDENT_UNIQUE,0.0,EXTERNAL_BENCHMARK_KEEP
sj-05-1881-R1_004.tif,C:\Users\LIKHITH ARYA\OneDrive\Desktop\The Dataset for Major Project\Malignant Lymphoma Classification\FL\sj-05-1881-R1_004.tif,FL,INDEPENDENT_UNIQUE,0.0,EXTERNAL_BENCHMARK_KEEP
sj-05-1881-R1_005.tif,C:\Users\LIKHITH ARYA\OneDrive\Desktop\The Dataset for Major Project\Malignant Lymphoma Classification\FL\sj-05-1881-R1_005.tif,FL,INDEPENDENT_UNIQUE,0.0,EXTERNAL_BENCHMARK_KEEP
sj-05-1881-R1_006.tif,C:\Users\LIKHITH ARYA\OneDrive\Desktop\The Dataset for Major Project\Malignant Lymphoma Classification\FL\sj-05-1881-R1_006.tif,FL,INDEPENDENT_UNIQUE,0.0,EXTERNAL_BENCHMARK_KEEP
sj-05-1881-R1_007.tif,C:\Users\LIKHITH ARYA\OneDrive\Desktop\The Dataset for Major Project\Malignant Lymphoma Classification\FL\sj-05-1881-R1_007.tif,FL,INDEPENDENT_UNIQUE,0.0,EXTERNAL_BENCHMARK_KEEP
sj-05-1881-R1_008.tif,C:\Users\LIKHITH ARYA\OneDrive\Desktop\The Dataset for Major Project\Malignant Lymphoma Classification\FL\sj-05-1881-R1_008.tif,FL,INDEPENDENT_UNIQUE,0.0,EXTERNAL_BENCHMARK_KEEP
sj-05-1881-R1_009.tif,C:\Users\LIKHITH ARYA\OneDrive\Desktop\The Dataset for Major Project\Malignant Lymphoma Classification\FL\sj-05-1881-R1_009.tif,FL,INDEPENDENT_UNIQUE,0.0,EXTERNAL_BENCHMARK_KEEP
sj-05-1881-R1_010.tif,C:\Users\LIKHITH ARYA\OneDrive\Desktop\The Dataset for Major Project\Malignant Lymphoma Classification\FL\sj-05-1881-R1_010.tif,FL,INDEPENDENT_UNIQUE,0.0,EXTERNAL_BENCHMARK_KEEP
sj-05-1881-R1_011.tif,C:\Users\LIKHITH ARYA\OneDrive\Desktop\The Dataset for Major Project\Malignant Lymphoma Classification\FL\sj-05-1881-R1_011.tif,FL,INDEPENDENT_UNIQUE,0.0,EXTERNAL_BENCHMARK_KEEP
sj-05-1881-R1_012.tif,C:\Users\LIKHITH ARYA\OneDrive\Desktop\The Dataset for Major Project\Malignant Lymphoma Classification\FL\sj-05-1881-R1_012.tif,FL,INDEPENDENT_UNIQUE,0.0,EXTERNAL_BENCHMARK_KEEP
sj-05-1881-R1_013.tif,C:\Users\LIKHITH ARYA\OneDrive\Desktop\The Dataset for Major Project\Malignant Lymphoma Classification\FL\sj-05-1881-R1_013.tif,FL,INDEPENDENT_UNIQUE,0.0,EXTERNAL_BENCHMARK_KEEP
sj-05-1881-R1_014.tif,C:\Users\LIKHITH ARYA\OneDrive\Desktop\The Dataset for Major Project\Malignant Lymphoma Classification\FL\sj-05-1881-R1_014.tif,FL,INDEPENDENT_UNIQUE,0.0,EXTERNAL_BENCHMARK_KEEP
sj-05-1881-R1_015.tif,C:\Users\LIKHITH ARYA\OneDrive\Desktop\The Dataset for Major Project\Malignant Lymphoma Classification\FL\sj-05-1881-R1_015.tif,FL,INDEPENDENT_UNIQUE,0.0,EXTERNAL_BENCHMARK_KEEP
sj-05-1881-R1_016.tif,C:\Users\LIKHITH ARYA\OneDrive\Desktop\The Dataset for Major Project\Malignant Lymphoma Classification\FL\sj-05-1881-R1_016.tif,FL,INDEPENDENT_UNIQUE,0.0,EXTERNAL_BENCHMARK_KEEP
sj-05-1881-R1_017.tif,C:\Users\LIKHITH ARYA\OneDrive\Desktop\The Dataset for Major Project\Malignant Lymphoma Classification\FL\sj-05-1881-R1_017.tif,FL,INDEPENDENT_UNIQUE,0.0,EXTERNAL_BENCHMARK_KEEP
sj-05-1881-R1_018.tif,C:\Users\LIKHITH ARYA\OneDrive\Desktop\The Dataset for Major Project\Malignant Lymphoma Classification\FL\sj-05-1881-R1_018.tif,FL,INDEPENDENT_UNIQUE,0.0,EXTERNAL_BENCHMARK_KEEP
sj-05-1881-R1_019.tif,C:\Users\LIKHITH ARYA\OneDrive\Desktop\The Dataset for Major Project\Malignant Lymphoma Classification\FL\sj-05-1881-R1_019.tif,FL,INDEPENDENT_UNIQUE,0.0,EXTERNAL_BENCHMARK_KEEP
sj-05-4881-R3_001.tif,C:\Users\LIKHITH ARYA\OneDrive\Desktop\The Dataset for Major Project\Malignant Lymphoma Classification\FL\sj-05-4881-R3_001.tif,FL,INDEPENDENT_UNIQUE,0.0,EXTERNAL_BENCHMARK_KEEP
sj-05-4881-R3_002.tif,C:\Users\LIKHITH ARYA\OneDrive\Desktop\The Dataset for Major Project\Malignant Lymphoma Classification\FL\sj-05-4881-R3_002.tif,FL,INDEPENDENT_UNIQUE,0.0,EXTERNAL_BENCHMARK_KEEP
sj-05-4881-R3_003.tif,C:\Users\LIKHITH ARYA\OneDrive\Desktop\The Dataset for Major Project\Malignant Lymphoma Classification\FL\sj-05-4881-R3_003.tif,FL,INDEPENDENT_UNIQUE,0.0,EXTERNAL_BENCHMARK_KEEP
sj-05-4881-R3_004.tif,C:\Users\LIKHITH ARYA\OneDrive\Desktop\The Dataset for Major Project\Malignant Lymphoma Classification\FL\sj-05-4881-R3_004.tif,FL,INDEPENDENT_UNIQUE,0.0,EXTERNAL_BENCHMARK_KEEP
sj-05-4881-R3_005.tif,C:\Users\LIKHITH ARYA\OneDrive\Desktop\The Dataset for Major Project\Malignant Lymphoma Classification\FL\sj-05-4881-R3_005.tif,FL,INDEPENDENT_UNIQUE,0.0,EXTERNAL_BENCHMARK_KEEP
sj-05-4881-R3_006.tif,C:\Users\LIKHITH ARYA\OneDrive\Desktop\The Dataset for Major Project\Malignant Lymphoma Classification\FL\sj-05-4881-R3_006.tif,FL,INDEPENDENT_UNIQUE,0.0,EXTERNAL_BENCHMARK_KEEP
sj-05-4881-R3_007.tif,C:\Users\LIKHITH ARYA\OneDrive\Desktop\The Dataset for Major Project\Malignant Lymphoma Classification\FL\sj-05-4881-R3_007.tif,FL,INDEPENDENT_UNIQUE,0.0,EXTERNAL_BENCHMARK_KEEP
sj-05-4881-R3_008.tif,C:\Users\LIKHITH ARYA\OneDrive\Desktop\The Dataset for Major Project\Malignant Lymphoma Classification\FL\sj-05-4881-R3_008.tif,FL,INDEPENDENT_UNIQUE,0.0,EXTERNAL_BENCHMARK_KEEP
sj-05-4881-R3_009.tif,C:\Users\LIKHITH ARYA\OneDrive\Desktop\The Dataset for Major Project\Malignant Lymphoma Classification\FL\sj-05-4881-R3_009.tif,FL,INDEPENDENT_UNIQUE,0.0,EXTERNAL_BENCHMARK_KEEP
sj-05-4881-R3_010.tif,C:\Users\LIKHITH ARYA\OneDrive\Desktop\The Dataset for Major Project\Malignant Lymphoma Classification\FL\sj-05-4881-R3_010.tif,FL,INDEPENDENT_UNIQUE,0.0,EXTERNAL_BENCHMARK_KEEP
sj-05-5311-R1_001.tif,C:\Users\LIKHITH ARYA\OneDrive\Desktop\The Dataset for Major Project\Malignant Lymphoma Classification\FL\sj-05-5311-R1_001.tif,FL,INDEPENDENT_UNIQUE,0.0,EXTERNAL_BENCHMARK_KEEP
sj-05-5311-R1_002.tif,C:\Users\LIKHITH ARYA\OneDrive\Desktop\The Dataset for Major Project\Malignant Lymphoma Classification\FL\sj-05-5311-R1_002.tif,FL,INDEPENDENT_UNIQUE,0.0,EXTERNAL_BENCHMARK_KEEP
sj-05-5311-R1_003.tif,C:\Users\LIKHITH ARYA\OneDrive\Desktop\The Dataset for Major Project\Malignant Lymphoma Classification\FL\sj-05-5311-R1_003.tif,FL,INDEPENDENT_UNIQUE,0.0,EXTERNAL_BENCHMARK_KEEP
sj-05-5311-R1_004.tif,C:\Users\LIKHITH ARYA\OneDrive\Desktop\The Dataset for Major Project\Malignant Lymphoma Classification\FL\sj-05-5311-R1_004.tif,FL,INDEPENDENT_UNIQUE,0.0,EXTERNAL_BENCHMARK_KEEP
sj-05-5311-R1_005.tif,C:\Users\LIKHITH ARYA\OneDrive\Desktop\The Dataset for Major Project\Malignant Lymphoma Classification\FL\sj-05-5311-R1_005.tif,FL,INDEPENDENT_UNIQUE,0.0,EXTERNAL_BENCHMARK_KEEP
sj-05-5311-R1_006.tif,C:\Users\LIKHITH ARYA\OneDrive\Desktop\The Dataset for Major Project\Malignant Lymphoma Classification\FL\sj-05-5311-R1_006.tif,FL,INDEPENDENT_UNIQUE,0.0,EXTERNAL_BENCHMARK_KEEP
sj-05-5311-R1_007.tif,C:\Users\LIKHITH ARYA\OneDrive\Desktop\The Dataset for Major Project\Malignant Lymphoma Classification\FL\sj-05-5311-R1_007.tif,FL,INDEPENDENT_UNIQUE,0.0,EXTERNAL_BENCHMARK_KEEP
sj-05-5311-R1_008.tif,C:\Users\LIKHITH ARYA\OneDrive\Desktop\The Dataset for Major Project\Malignant Lymphoma Classification\FL\sj-05-5311-R1_008.tif,FL,INDEPENDENT_UNIQUE,0.0,EXTERNAL_BENCHMARK_KEEP
sj-05-5311-R1_009.tif,C:\Users\LIKHITH ARYA\OneDrive\Desktop\The Dataset for Major Project\Malignant Lymphoma Classification\FL\sj-05-5311-R1_009.tif,FL,INDEPENDENT_UNIQUE,0.0,EXTERNAL_BENCHMARK_KEEP
sj-05-5311-R1_010.tif,C:\Users\LIKHITH ARYA\OneDrive\Desktop\The Dataset for Major Project\Malignant Lymphoma Classification\FL\sj-05-5311-R1_010.tif,FL,INDEPENDENT_UNIQUE,0.0,EXTERNAL_BENCHMARK_KEEP
sj-05-5311-R1_011.tif,C:\Users\LIKHITH ARYA\OneDrive\Desktop\The Dataset for Major Project\Malignant Lymphoma Classification\FL\sj-05-5311-R1_011.tif,FL,INDEPENDENT_UNIQUE,0.0,EXTERNAL_BENCHMARK_KEEP
sj-05-5311-R1_012.tif,C:\Users\LIKHITH ARYA\OneDrive\Desktop\The Dataset for Major Project\Malignant Lymphoma Classification\FL\sj-05-5311-R1_012.tif,FL,INDEPENDENT_UNIQUE,0.0,EXTERNAL_BENCHMARK_KEEP
sj-05-5311-R1_013.tif,C:\Users\LIKHITH ARYA\OneDrive\Desktop\The Dataset for Major Project\Malignant Lymphoma Classification\FL\sj-05-5311-R1_013.tif,FL,INDEPENDENT_UNIQUE,0.0,EXTERNAL_BENCHMARK_KEEP
sj-05-5389-R1_001.tif,C:\Users\LIKHITH ARYA\OneDrive\Desktop\The Dataset for Major Project\Malignant Lymphoma Classification\FL\sj-05-5389-R1_001.tif,FL,INDEPENDENT_UNIQUE,0.0,EXTERNAL_BENCHMARK_KEEP
sj-05-5389-R1_002.tif,C:\Users\LIKHITH ARYA\OneDrive\Desktop\The Dataset for Major Project\Malignant Lymphoma Classification\FL\sj-05-5389-R1_002.tif,FL,INDEPENDENT_UNIQUE,0.0,EXTERNAL_BENCHMARK_KEEP
sj-05-5389-R1_003.tif,C:\Users\LIKHITH ARYA\OneDrive\Desktop\The Dataset for Major Project\Malignant Lymphoma Classification\FL\sj-05-5389-R1_003.tif,FL,INDEPENDENT_UNIQUE,0.0,EXTERNAL_BENCHMARK_KEEP
sj-05-5389-R1_004.tif,C:\Users\LIKHITH ARYA\OneDrive\Desktop\The Dataset for Major Project\Malignant Lymphoma Classification\FL\sj-05-5389-R1_004.tif,FL,INDEPENDENT_UNIQUE,0.0,EXTERNAL_BENCHMARK_KEEP
sj-05-5389-R1_005.tif,C:\Users\LIKHITH ARYA\OneDrive\Desktop\The Dataset for Major Project\Malignant Lymphoma Classification\FL\sj-05-5389-R1_005.tif,FL,INDEPENDENT_UNIQUE,0.0,EXTERNAL_BENCHMARK_KEEP
sj-05-5389-R1_006.tif,C:\Users\LIKHITH ARYA\OneDrive\Desktop\The Dataset for Major Project\Malignant Lymphoma Classification\FL\sj-05-5389-R1_006.tif,FL,INDEPENDENT_UNIQUE,0.0,EXTERNAL_BENCHMARK_KEEP
sj-05-5389-R1_007.tif,C:\Users\LIKHITH ARYA\OneDrive\Desktop\The Dataset for Major Project\Malignant Lymphoma Classification\FL\sj-05-5389-R1_007.tif,FL,INDEPENDENT_UNIQUE,0.0,EXTERNAL_BENCHMARK_KEEP
sj-05-5389-R1_008.tif,C:\Users\LIKHITH ARYA\OneDrive\Desktop\The Dataset for Major Project\Malignant Lymphoma Classification\FL\sj-05-5389-R1_008.tif,FL,INDEPENDENT_UNIQUE,0.0,EXTERNAL_BENCHMARK_KEEP
sj-05-5389-R1_009.tif,C:\Users\LIKHITH ARYA\OneDrive\Desktop\The Dataset for Major Project\Malignant Lymphoma Classification\FL\sj-05-5389-R1_009.tif,FL,INDEPENDENT_UNIQUE,0.0,EXTERNAL_BENCHMARK_KEEP
sj-05-5389-R1_010.tif,C:\Users\LIKHITH ARYA\OneDrive\Desktop\The Dataset for Major Project\Malignant Lymphoma Classification\FL\sj-05-5389-R1_010.tif,FL,INDEPENDENT_UNIQUE,0.0,EXTERNAL_BENCHMARK_KEEP
sj-05-5389-R1_011.tif,C:\Users\LIKHITH ARYA\OneDrive\Desktop\The Dataset for Major Project\Malignant Lymphoma Classification\FL\sj-05-5389-R1_011.tif,FL,INDEPENDENT_UNIQUE,0.0,EXTERNAL_BENCHMARK_KEEP
sj-05-5389-R1_012.tif,C:\Users\LIKHITH ARYA\OneDrive\Desktop\The Dataset for Major Project\Malignant Lymphoma Classification\FL\sj-05-5389-R1_012.tif,FL,INDEPENDENT_UNIQUE,0.0,EXTERNAL_BENCHMARK_KEEP
sj-05-5389-R1_013.tif,C:\Users\LIKHITH ARYA\OneDrive\Desktop\The Dataset for Major Project\Malignant Lymphoma Classification\FL\sj-05-5389-R1_013.tif,FL,INDEPENDENT_UNIQUE,0.0,EXTERNAL_BENCHMARK_KEEP
sj-05-5389-R1_014.tif,C:\Users\LIKHITH ARYA\OneDrive\Desktop\The Dataset for Major Project\Malignant Lymphoma Classification\FL\sj-05-5389-R1_014.tif,FL,INDEPENDENT_UNIQUE,0.0,EXTERNAL_BENCHMARK_KEEP
sj-05-5389-R1_015.tif,C:\Users\LIKHITH ARYA\OneDrive\Desktop\The Dataset for Major Project\Malignant Lymphoma Classification\FL\sj-05-5389-R1_015.tif,FL,INDEPENDENT_UNIQUE,0.0,EXTERNAL_BENCHMARK_KEEP
sj-05-5389-R1_016.tif,C:\Users\LIKHITH ARYA\OneDrive\Desktop\The Dataset for Major Project\Malignant Lymphoma Classification\FL\sj-05-5389-R1_016.tif,FL,INDEPENDENT_UNIQUE,0.0,EXTERNAL_BENCHMARK_KEEP
sj-05-5389-R1_017.tif,C:\Users\LIKHITH ARYA\OneDrive\Desktop\The Dataset for Major Project\Malignant Lymphoma Classification\FL\sj-05-5389-R1_017.tif,FL,INDEPENDENT_UNIQUE,0.0,EXTERNAL_BENCHMARK_KEEP
sj-05-5389-R1_018.tif,C:\Users\LIKHITH ARYA\OneDrive\Desktop\The Dataset for Major Project\Malignant Lymphoma Classification\FL\sj-05-5389-R1_018.tif,FL,INDEPENDENT_UNIQUE,0.0,EXTERNAL_BENCHMARK_KEEP
sj-05-5389-R1_019.tif,C:\Users\LIKHITH ARYA\OneDrive\Desktop\The Dataset for Major Project\Malignant Lymphoma Classification\FL\sj-05-5389-R1_019.tif,FL,INDEPENDENT_UNIQUE,0.0,EXTERNAL_BENCHMARK_KEEP
sj-05-5829_001.tif,C:\Users\LIKHITH ARYA\OneDrive\Desktop\The Dataset for Major Project\Malignant Lymphoma Classification\FL\sj-05-5829_001.tif,FL,INDEPENDENT_UNIQUE,0.0,EXTERNAL_BENCHMARK_KEEP
sj-05-5829_002.tif,C:\Users\LIKHITH ARYA\OneDrive\Desktop\The Dataset for Major Project\Malignant Lymphoma Classification\FL\sj-05-5829_002.tif,FL,INDEPENDENT_UNIQUE,0.0,EXTERNAL_BENCHMARK_KEEP
sj-05-5829_003.tif,C:\Users\LIKHITH ARYA\OneDrive\Desktop\The Dataset for Major Project\Malignant Lymphoma Classification\FL\sj-05-5829_003.tif,FL,INDEPENDENT_UNIQUE,0.0,EXTERNAL_BENCHMARK_KEEP
sj-05-5829_004.tif,C:\Users\LIKHITH ARYA\OneDrive\Desktop\The Dataset for Major Project\Malignant Lymphoma Classification\FL\sj-05-5829_004.tif,FL,INDEPENDENT_UNIQUE,0.0,EXTERNAL_BENCHMARK_KEEP
sj-05-5829_005.tif,C:\Users\LIKHITH ARYA\OneDrive\Desktop\The Dataset for Major Project\Malignant Lymphoma Classification\FL\sj-05-5829_005.tif,FL,INDEPENDENT_UNIQUE,0.0,EXTERNAL_BENCHMARK_KEEP
sj-05-5829_006.tif,C:\Users\LIKHITH ARYA\OneDrive\Desktop\The Dataset for Major Project\Malignant Lymphoma Classification\FL\sj-05-5829_006.tif,FL,INDEPENDENT_UNIQUE,0.0,EXTERNAL_BENCHMARK_KEEP
sj-05-5829_007.tif,C:\Users\LIKHITH ARYA\OneDrive\Desktop\The Dataset for Major Project\Malignant Lymphoma Classification\FL\sj-05-5829_007.tif,FL,INDEPENDENT_UNIQUE,0.0,EXTERNAL_BENCHMARK_KEEP
sj-05-5829_008.tif,C:\Users\LIKHITH ARYA\OneDrive\Desktop\The Dataset for Major Project\Malignant Lymphoma Classification\FL\sj-05-5829_008.tif,FL,INDEPENDENT_UNIQUE,0.0,EXTERNAL_BENCHMARK_KEEP
sj-05-5829_009.tif,C:\Users\LIKHITH ARYA\OneDrive\Desktop\The Dataset for Major Project\Malignant Lymphoma Classification\FL\sj-05-5829_009.tif,FL,INDEPENDENT_UNIQUE,0.0,EXTERNAL_BENCHMARK_KEEP
sj-05-5829_010.tif,C:\Users\LIKHITH ARYA\OneDrive\Desktop\The Dataset for Major Project\Malignant Lymphoma Classification\FL\sj-05-5829_010.tif,FL,INDEPENDENT_UNIQUE,0.0,EXTERNAL_BENCHMARK_KEEP
sj-05-5829_011.tif,C:\Users\LIKHITH ARYA\OneDrive\Desktop\The Dataset for Major Project\Malignant Lymphoma Classification\FL\sj-05-5829_011.tif,FL,INDEPENDENT_UNIQUE,0.0,EXTERNAL_BENCHMARK_KEEP
sj-05-5829_012.tif,C:\Users\LIKHITH ARYA\OneDrive\Desktop\The Dataset for Major Project\Malignant Lymphoma Classification\FL\sj-05-5829_012.tif,FL,INDEPENDENT_UNIQUE,0.0,EXTERNAL_BENCHMARK_KEEP
sj-05-588-R1_001.tif,C:\Users\LIKHITH ARYA\OneDrive\Desktop\The Dataset for Major Project\Malignant Lymphoma Classification\FL\sj-05-588-R1_001.tif,FL,INDEPENDENT_UNIQUE,0.0,EXTERNAL_BENCHMARK_KEEP
sj-05-588-R1_002.tif,C:\Users\LIKHITH ARYA\OneDrive\Desktop\The Dataset for Major Project\Malignant Lymphoma Classification\FL\sj-05-588-R1_002.tif,FL,INDEPENDENT_UNIQUE,0.0,EXTERNAL_BENCHMARK_KEEP
sj-05-588-R1_003.tif,C:\Users\LIKHITH ARYA\OneDrive\Desktop\The Dataset for Major Project\Malignant Lymphoma Classification\FL\sj-05-588-R1_003.tif,FL,INDEPENDENT_UNIQUE,0.0,EXTERNAL_BENCHMARK_KEEP
sj-05-588-R1_004.tif,C:\Users\LIKHITH ARYA\OneDrive\Desktop\The Dataset for Major Project\Malignant Lymphoma Classification\FL\sj-05-588-R1_004.tif,FL,INDEPENDENT_UNIQUE,0.0,EXTERNAL_BENCHMARK_KEEP
sj-05-588-R1_005.tif,C:\Users\LIKHITH ARYA\OneDrive\Desktop\The Dataset for Major Project\Malignant Lymphoma Classification\FL\sj-05-588-R1_005.tif,FL,INDEPENDENT_UNIQUE,0.0,EXTERNAL_BENCHMARK_KEEP
sj-05-588-R1_006.tif,C:\Users\LIKHITH ARYA\OneDrive\Desktop\The Dataset for Major Project\Malignant Lymphoma Classification\FL\sj-05-588-R1_006.tif,FL,INDEPENDENT_UNIQUE,0.0,EXTERNAL_BENCHMARK_KEEP
sj-05-588-R1_007.tif,C:\Users\LIKHITH ARYA\OneDrive\Desktop\The Dataset for Major Project\Malignant Lymphoma Classification\FL\sj-05-588-R1_007.tif,FL,INDEPENDENT_UNIQUE,0.0,EXTERNAL_BENCHMARK_KEEP
sj-05-588-R1_008.tif,C:\Users\LIKHITH ARYA\OneDrive\Desktop\The Dataset for Major Project\Malignant Lymphoma Classification\FL\sj-05-588-R1_008.tif,FL,INDEPENDENT_UNIQUE,0.0,EXTERNAL_BENCHMARK_KEEP
sj-05-588-R1_009.tif,C:\Users\LIKHITH ARYA\OneDrive\Desktop\The Dataset for Major Project\Malignant Lymphoma Classification\FL\sj-05-588-R1_009.tif,FL,INDEPENDENT_UNIQUE,0.0,EXTERNAL_BENCHMARK_KEEP
sj-05-588-R1_010.tif,C:\Users\LIKHITH ARYA\OneDrive\Desktop\The Dataset for Major Project\Malignant Lymphoma Classification\FL\sj-05-588-R1_010.tif,FL,INDEPENDENT_UNIQUE,0.0,EXTERNAL_BENCHMARK_KEEP
sj-05-6124-R3_001.tif,C:\Users\LIKHITH ARYA\OneDrive\Desktop\The Dataset for Major Project\Malignant Lymphoma Classification\FL\sj-05-6124-R3_001.tif,FL,INDEPENDENT_UNIQUE,0.0,EXTERNAL_BENCHMARK_KEEP
sj-05-6124-R3_002.tif,C:\Users\LIKHITH ARYA\OneDrive\Desktop\The Dataset for Major Project\Malignant Lymphoma Classification\FL\sj-05-6124-R3_002.tif,FL,INDEPENDENT_UNIQUE,0.0,EXTERNAL_BENCHMARK_KEEP
sj-05-6124-R3_003.tif,C:\Users\LIKHITH ARYA\OneDrive\Desktop\The Dataset for Major Project\Malignant Lymphoma Classification\FL\sj-05-6124-R3_003.tif,FL,INDEPENDENT_UNIQUE,0.0,EXTERNAL_BENCHMARK_KEEP
sj-05-6124-R3_004.tif,C:\Users\LIKHITH ARYA\OneDrive\Desktop\The Dataset for Major Project\Malignant Lymphoma Classification\FL\sj-05-6124-R3_004.tif,FL,INDEPENDENT_UNIQUE,0.0,EXTERNAL_BENCHMARK_KEEP
sj-05-6124-R3_005.tif,C:\Users\LIKHITH ARYA\OneDrive\Desktop\The Dataset for Major Project\Malignant Lymphoma Classification\FL\sj-05-6124-R3_005.tif,FL,INDEPENDENT_UNIQUE,0.0,EXTERNAL_BENCHMARK_KEEP
sj-05-6124-R3_006.tif,C:\Users\LIKHITH ARYA\OneDrive\Desktop\The Dataset for Major Project\Malignant Lymphoma Classification\FL\sj-05-6124-R3_006.tif,FL,INDEPENDENT_UNIQUE,0.0,EXTERNAL_BENCHMARK_KEEP
sj-05-6124-R3_007.tif,C:\Users\LIKHITH ARYA\OneDrive\Desktop\The Dataset for Major Project\Malignant Lymphoma Classification\FL\sj-05-6124-R3_007.tif,FL,INDEPENDENT_UNIQUE,0.0,EXTERNAL_BENCHMARK_KEEP
sj-05-6124-R3_008.tif,C:\Users\LIKHITH ARYA\OneDrive\Desktop\The Dataset for Major Project\Malignant Lymphoma Classification\FL\sj-05-6124-R3_008.tif,FL,INDEPENDENT_UNIQUE,0.0,EXTERNAL_BENCHMARK_KEEP
sj-05-6124-R3_009.tif,C:\Users\LIKHITH ARYA\OneDrive\Desktop\The Dataset for Major Project\Malignant Lymphoma Classification\FL\sj-05-6124-R3_009.tif,FL,INDEPENDENT_UNIQUE,0.0,EXTERNAL_BENCHMARK_KEEP
sj-05-6124-R3_010.tif,C:\Users\LIKHITH ARYA\OneDrive\Desktop\The Dataset for Major Project\Malignant Lymphoma Classification\FL\sj-05-6124-R3_010.tif,FL,INDEPENDENT_UNIQUE,0.0,EXTERNAL_BENCHMARK_KEEP
sj-05-6124-R3_011.tif,C:\Users\LIKHITH ARYA\OneDrive\Desktop\The Dataset for Major Project\Malignant Lymphoma Classification\FL\sj-05-6124-R3_011.tif,FL,INDEPENDENT_UNIQUE,0.0,EXTERNAL_BENCHMARK_KEEP
sj-05-6124-R3_012.tif,C:\Users\LIKHITH ARYA\OneDrive\Desktop\The Dataset for Major Project\Malignant Lymphoma Classification\FL\sj-05-6124-R3_012.tif,FL,INDEPENDENT_UNIQUE,0.0,EXTERNAL_BENCHMARK_KEEP
sj-05-6124-R3_013.tif,C:\Users\LIKHITH ARYA\OneDrive\Desktop\The Dataset for Major Project\Malignant Lymphoma Classification\FL\sj-05-6124-R3_013.tif,FL,INDEPENDENT_UNIQUE,0.0,EXTERNAL_BENCHMARK_KEEP
sj-05-6124-R3_014.tif,C:\Users\LIKHITH ARYA\OneDrive\Desktop\The Dataset for Major Project\Malignant Lymphoma Classification\FL\sj-05-6124-R3_014.tif,FL,INDEPENDENT_UNIQUE,0.0,EXTERNAL_BENCHMARK_KEEP
sj-05-6124-R3_015.tif,C:\Users\LIKHITH ARYA\OneDrive\Desktop\The Dataset for Major Project\Malignant Lymphoma Classification\FL\sj-05-6124-R3_015.tif,FL,INDEPENDENT_UNIQUE,0.0,EXTERNAL_BENCHMARK_KEEP
sj-05-6124-R4_001.tif,C:\Users\LIKHITH ARYA\OneDrive\Desktop\The Dataset for Major Project\Malignant Lymphoma Classification\FL\sj-05-6124-R4_001.tif,FL,INDEPENDENT_UNIQUE,0.0,EXTERNAL_BENCHMARK_KEEP
sj-05-6124-R4_002.tif,C:\Users\LIKHITH ARYA\OneDrive\Desktop\The Dataset for Major Project\Malignant Lymphoma Classification\FL\sj-05-6124-R4_002.tif,FL,INDEPENDENT_UNIQUE,0.0,EXTERNAL_BENCHMARK_KEEP
sj-05-6124-R4_003.tif,C:\Users\LIKHITH ARYA\OneDrive\Desktop\The Dataset for Major Project\Malignant Lymphoma Classification\FL\sj-05-6124-R4_003.tif,FL,INDEPENDENT_UNIQUE,0.0,EXTERNAL_BENCHMARK_KEEP
sj-05-6124-R4_004.tif,C:\Users\LIKHITH ARYA\OneDrive\Desktop\The Dataset for Major Project\Malignant Lymphoma Classification\FL\sj-05-6124-R4_004.tif,FL,INDEPENDENT_UNIQUE,0.0,EXTERNAL_BENCHMARK_KEEP
sj-05-6124-R4_005.tif,C:\Users\LIKHITH ARYA\OneDrive\Desktop\The Dataset for Major Project\Malignant Lymphoma Classification\FL\sj-05-6124-R4_005.tif,FL,INDEPENDENT_UNIQUE,0.0,EXTERNAL_BENCHMARK_KEEP
sj-05-6124-R4_006.tif,C:\Users\LIKHITH ARYA\OneDrive\Desktop\The Dataset for Major Project\Malignant Lymphoma Classification\FL\sj-05-6124-R4_006.tif,FL,INDEPENDENT_UNIQUE,0.0,EXTERNAL_BENCHMARK_KEEP
sj-05-6124-R4_007.tif,C:\Users\LIKHITH ARYA\OneDrive\Desktop\The Dataset for Major Project\Malignant Lymphoma Classification\FL\sj-05-6124-R4_007.tif,FL,INDEPENDENT_UNIQUE,0.0,EXTERNAL_BENCHMARK_KEEP
sj-05-6124-R4_008.tif,C:\Users\LIKHITH ARYA\OneDrive\Desktop\The Dataset for Major Project\Malignant Lymphoma Classification\FL\sj-05-6124-R4_008.tif,FL,INDEPENDENT_UNIQUE,0.0,EXTERNAL_BENCHMARK_KEEP
sj-05-6124-R4_009.tif,C:\Users\LIKHITH ARYA\OneDrive\Desktop\The Dataset for Major Project\Malignant Lymphoma Classification\FL\sj-05-6124-R4_009.tif,FL,INDEPENDENT_UNIQUE,0.0,EXTERNAL_BENCHMARK_KEEP
sj-05-6124-R4_010.tif,C:\Users\LIKHITH ARYA\OneDrive\Desktop\The Dataset for Major Project\Malignant Lymphoma Classification\FL\sj-05-6124-R4_010.tif,FL,INDEPENDENT_UNIQUE,0.0,EXTERNAL_BENCHMARK_KEEP
sj-05-6124-R4_011.tif,C:\Users\LIKHITH ARYA\OneDrive\Desktop\The Dataset for Major Project\Malignant Lymphoma Classification\FL\sj-05-6124-R4_011.tif,FL,INDEPENDENT_UNIQUE,0.0,EXTERNAL_BENCHMARK_KEEP
sj-05-6124-R4_012.tif,C:\Users\LIKHITH ARYA\OneDrive\Desktop\The Dataset for Major Project\Malignant Lymphoma Classification\FL\sj-05-6124-R4_012.tif,FL,INDEPENDENT_UNIQUE,0.0,EXTERNAL_BENCHMARK_KEEP
sj-05-6124-R4_013.tif,C:\Users\LIKHITH ARYA\OneDrive\Desktop\The Dataset for Major Project\Malignant Lymphoma Classification\FL\sj-05-6124-R4_013.tif,FL,INDEPENDENT_UNIQUE,0.0,EXTERNAL_BENCHMARK_KEEP
sj-05-6124-R4_014.tif,C:\Users\LIKHITH ARYA\OneDrive\Desktop\The Dataset for Major Project\Malignant Lymphoma Classification\FL\sj-05-6124-R4_014.tif,FL,INDEPENDENT_UNIQUE,0.0,EXTERNAL_BENCHMARK_KEEP
sj-05-6124-R4_015.tif,C:\Users\LIKHITH ARYA\OneDrive\Desktop\The Dataset for Major Project\Malignant Lymphoma Classification\FL\sj-05-6124-R4_015.tif,FL,INDEPENDENT_UNIQUE,0.0,EXTERNAL_BENCHMARK_KEEP
sj-05-6124-R4_016.tif,C:\Users\LIKHITH ARYA\OneDrive\Desktop\The Dataset for Major Project\Malignant Lymphoma Classification\FL\sj-05-6124-R4_016.tif,FL,INDEPENDENT_UNIQUE,0.0,EXTERNAL_BENCHMARK_KEEP
sj-05-894-R3_001.tif,C:\Users\LIKHITH ARYA\OneDrive\Desktop\The Dataset for Major Project\Malignant Lymphoma Classification\FL\sj-05-894-R3_001.tif,FL,INDEPENDENT_UNIQUE,0.0,EXTERNAL_BENCHMARK_KEEP
sj-05-894-R3_002.tif,C:\Users\LIKHITH ARYA\OneDrive\Desktop\The Dataset for Major Project\Malignant Lymphoma Classification\FL\sj-05-894-R3_002.tif,FL,INDEPENDENT_UNIQUE,0.0,EXTERNAL_BENCHMARK_KEEP
sj-05-894-R3_003.tif,C:\Users\LIKHITH ARYA\OneDrive\Desktop\The Dataset for Major Project\Malignant Lymphoma Classification\FL\sj-05-894-R3_003.tif,FL,INDEPENDENT_UNIQUE,0.0,EXTERNAL_BENCHMARK_KEEP
sj-05-894-R3_004.tif,C:\Users\LIKHITH ARYA\OneDrive\Desktop\The Dataset for Major Project\Malignant Lymphoma Classification\FL\sj-05-894-R3_004.tif,FL,INDEPENDENT_UNIQUE,0.0,EXTERNAL_BENCHMARK_KEEP
sj-05-894-R3_005.tif,C:\Users\LIKHITH ARYA\OneDrive\Desktop\The Dataset for Major Project\Malignant Lymphoma Classification\FL\sj-05-894-R3_005.tif,FL,INDEPENDENT_UNIQUE,0.0,EXTERNAL_BENCHMARK_KEEP
sj-05-894-R3_006.tif,C:\Users\LIKHITH ARYA\OneDrive\Desktop\The Dataset for Major Project\Malignant Lymphoma Classification\FL\sj-05-894-R3_006.tif,FL,INDEPENDENT_UNIQUE,0.0,EXTERNAL_BENCHMARK_KEEP
sj-05-894-R3_007.tif,C:\Users\LIKHITH ARYA\OneDrive\Desktop\The Dataset for Major Project\Malignant Lymphoma Classification\FL\sj-05-894-R3_007.tif,FL,INDEPENDENT_UNIQUE,0.0,EXTERNAL_BENCHMARK_KEEP
sj-05-894-R3_008.tif,C:\Users\LIKHITH ARYA\OneDrive\Desktop\The Dataset for Major Project\Malignant Lymphoma Classification\FL\sj-05-894-R3_008.tif,FL,INDEPENDENT_UNIQUE,0.0,EXTERNAL_BENCHMARK_KEEP
sj-05-894-R3_009.tif,C:\Users\LIKHITH ARYA\OneDrive\Desktop\The Dataset for Major Project\Malignant Lymphoma Classification\FL\sj-05-894-R3_009.tif,FL,INDEPENDENT_UNIQUE,0.0,EXTERNAL_BENCHMARK_KEEP
sj-05-894-R3_010.tif,C:\Users\LIKHITH ARYA\OneDrive\Desktop\The Dataset for Major Project\Malignant Lymphoma Classification\FL\sj-05-894-R3_010.tif,FL,INDEPENDENT_UNIQUE,0.0,EXTERNAL_BENCHMARK_KEEP
sj-05-894-R3_011.tif,C:\Users\LIKHITH ARYA\OneDrive\Desktop\The Dataset for Major Project\Malignant Lymphoma Classification\FL\sj-05-894-R3_011.tif,FL,INDEPENDENT_UNIQUE,0.0,EXTERNAL_BENCHMARK_KEEP
sj-05-894-R3_012.tif,C:\Users\LIKHITH ARYA\OneDrive\Desktop\The Dataset for Major Project\Malignant Lymphoma Classification\FL\sj-05-894-R3_012.tif,FL,INDEPENDENT_UNIQUE,0.0,EXTERNAL_BENCHMARK_KEEP
sj-05-894-R3_013.tif,C:\Users\LIKHITH ARYA\OneDrive\Desktop\The Dataset for Major Project\Malignant Lymphoma Classification\FL\sj-05-894-R3_013.tif,FL,INDEPENDENT_UNIQUE,0.0,EXTERNAL_BENCHMARK_KEEP
sj-05-894-R3_014.tif,C:\Users\LIKHITH ARYA\OneDrive\Desktop\The Dataset for Major Project\Malignant Lymphoma Classification\FL\sj-05-894-R3_014.tif,FL,INDEPENDENT_UNIQUE,0.0,EXTERNAL_BENCHMARK_KEEP
sj-04-3077-R2_001.tif,C:\Users\LIKHITH ARYA\OneDrive\Desktop\The Dataset for Major Project\Malignant Lymphoma Classification\MCL\sj-04-3077-R2_001.tif,MCL,INDEPENDENT_UNIQUE,0.0,EXTERNAL_BENCHMARK_KEEP
sj-04-3077-R2_002.tif,C:\Users\LIKHITH ARYA\OneDrive\Desktop\The Dataset for Major Project\Malignant Lymphoma Classification\MCL\sj-04-3077-R2_002.tif,MCL,INDEPENDENT_UNIQUE,0.0,EXTERNAL_BENCHMARK_KEEP
sj-04-3077-R2_003.tif,C:\Users\LIKHITH ARYA\OneDrive\Desktop\The Dataset for Major Project\Malignant Lymphoma Classification\MCL\sj-04-3077-R2_003.tif,MCL,INDEPENDENT_UNIQUE,0.0,EXTERNAL_BENCHMARK_KEEP
sj-04-3077-R2_004.tif,C:\Users\LIKHITH ARYA\OneDrive\Desktop\The Dataset for Major Project\Malignant Lymphoma Classification\MCL\sj-04-3077-R2_004.tif,MCL,INDEPENDENT_UNIQUE,0.0,EXTERNAL_BENCHMARK_KEEP
sj-04-3077-R2_005.tif,C:\Users\LIKHITH ARYA\OneDrive\Desktop\The Dataset for Major Project\Malignant Lymphoma Classification\MCL\sj-04-3077-R2_005.tif,MCL,INDEPENDENT_UNIQUE,0.0,EXTERNAL_BENCHMARK_KEEP
sj-04-3077-R2_006.tif,C:\Users\LIKHITH ARYA\OneDrive\Desktop\The Dataset for Major Project\Malignant Lymphoma Classification\MCL\sj-04-3077-R2_006.tif,MCL,INDEPENDENT_UNIQUE,0.0,EXTERNAL_BENCHMARK_KEEP
sj-04-3077-R2_007.tif,C:\Users\LIKHITH ARYA\OneDrive\Desktop\The Dataset for Major Project\Malignant Lymphoma Classification\MCL\sj-04-3077-R2_007.tif,MCL,INDEPENDENT_UNIQUE,0.0,EXTERNAL_BENCHMARK_KEEP
sj-04-3077-R2_008.tif,C:\Users\LIKHITH ARYA\OneDrive\Desktop\The Dataset for Major Project\Malignant Lymphoma Classification\MCL\sj-04-3077-R2_008.tif,MCL,INDEPENDENT_UNIQUE,0.0,EXTERNAL_BENCHMARK_KEEP
sj-04-3077-R2_009.tif,C:\Users\LIKHITH ARYA\OneDrive\Desktop\The Dataset for Major Project\Malignant Lymphoma Classification\MCL\sj-04-3077-R2_009.tif,MCL,INDEPENDENT_UNIQUE,0.0,EXTERNAL_BENCHMARK_KEEP
sj-04-3077-R2_010.tif,C:\Users\LIKHITH ARYA\OneDrive\Desktop\The Dataset for Major Project\Malignant Lymphoma Classification\MCL\sj-04-3077-R2_010.tif,MCL,INDEPENDENT_UNIQUE,0.0,EXTERNAL_BENCHMARK_KEEP
sj-04-3077-R2_011.tif,C:\Users\LIKHITH ARYA\OneDrive\Desktop\The Dataset for Major Project\Malignant Lymphoma Classification\MCL\sj-04-3077-R2_011.tif,MCL,INDEPENDENT_UNIQUE,0.0,EXTERNAL_BENCHMARK_KEEP
sj-04-4525-R4_001.tif,C:\Users\LIKHITH ARYA\OneDrive\Desktop\The Dataset for Major Project\Malignant Lymphoma Classification\MCL\sj-04-4525-R4_001.tif,MCL,INDEPENDENT_UNIQUE,0.0,EXTERNAL_BENCHMARK_KEEP
sj-04-4525-R4_002.tif,C:\Users\LIKHITH ARYA\OneDrive\Desktop\The Dataset for Major Project\Malignant Lymphoma Classification\MCL\sj-04-4525-R4_002.tif,MCL,INDEPENDENT_UNIQUE,0.0,EXTERNAL_BENCHMARK_KEEP
sj-04-4525-R4_003.tif,C:\Users\LIKHITH ARYA\OneDrive\Desktop\The Dataset for Major Project\Malignant Lymphoma Classification\MCL\sj-04-4525-R4_003.tif,MCL,INDEPENDENT_UNIQUE,0.0,EXTERNAL_BENCHMARK_KEEP
sj-04-4525-R4_004.tif,C:\Users\LIKHITH ARYA\OneDrive\Desktop\The Dataset for Major Project\Malignant Lymphoma Classification\MCL\sj-04-4525-R4_004.tif,MCL,INDEPENDENT_UNIQUE,0.0,EXTERNAL_BENCHMARK_KEEP
sj-04-4525-R4_005.tif,C:\Users\LIKHITH ARYA\OneDrive\Desktop\The Dataset for Major Project\Malignant Lymphoma Classification\MCL\sj-04-4525-R4_005.tif,MCL,INDEPENDENT_UNIQUE,0.0,EXTERNAL_BENCHMARK_KEEP
sj-04-4525-R4_006.tif,C:\Users\LIKHITH ARYA\OneDrive\Desktop\The Dataset for Major Project\Malignant Lymphoma Classification\MCL\sj-04-4525-R4_006.tif,MCL,INDEPENDENT_UNIQUE,0.0,EXTERNAL_BENCHMARK_KEEP
sj-04-4525-R4_007.tif,C:\Users\LIKHITH ARYA\OneDrive\Desktop\The Dataset for Major Project\Malignant Lymphoma Classification\MCL\sj-04-4525-R4_007.tif,MCL,INDEPENDENT_UNIQUE,0.0,EXTERNAL_BENCHMARK_KEEP
sj-04-4525-R4_008.tif,C:\Users\LIKHITH ARYA\OneDrive\Desktop\The Dataset for Major Project\Malignant Lymphoma Classification\MCL\sj-04-4525-R4_008.tif,MCL,INDEPENDENT_UNIQUE,0.0,EXTERNAL_BENCHMARK_KEEP
sj-04-4525-R4_009.tif,C:\Users\LIKHITH ARYA\OneDrive\Desktop\The Dataset for Major Project\Malignant Lymphoma Classification\MCL\sj-04-4525-R4_009.tif,MCL,INDEPENDENT_UNIQUE,0.0,EXTERNAL_BENCHMARK_KEEP
sj-04-4525-R4_010.tif,C:\Users\LIKHITH ARYA\OneDrive\Desktop\The Dataset for Major Project\Malignant Lymphoma Classification\MCL\sj-04-4525-R4_010.tif,MCL,INDEPENDENT_UNIQUE,0.0,EXTERNAL_BENCHMARK_KEEP
sj-04-4525-R4_011.tif,C:\Users\LIKHITH ARYA\OneDrive\Desktop\The Dataset for Major Project\Malignant Lymphoma Classification\MCL\sj-04-4525-R4_011.tif,MCL,INDEPENDENT_UNIQUE,0.0,EXTERNAL_BENCHMARK_KEEP
sj-04-4525-R4_012.tif,C:\Users\LIKHITH ARYA\OneDrive\Desktop\The Dataset for Major Project\Malignant Lymphoma Classification\MCL\sj-04-4525-R4_012.tif,MCL,INDEPENDENT_UNIQUE,0.0,EXTERNAL_BENCHMARK_KEEP
sj-04-4967-R2_001.tif,C:\Users\LIKHITH ARYA\OneDrive\Desktop\The Dataset for Major Project\Malignant Lymphoma Classification\MCL\sj-04-4967-R2_001.tif,MCL,INDEPENDENT_UNIQUE,0.0,EXTERNAL_BENCHMARK_KEEP
sj-04-4967-R2_002.tif,C:\Users\LIKHITH ARYA\OneDrive\Desktop\The Dataset for Major Project\Malignant Lymphoma Classification\MCL\sj-04-4967-R2_002.tif,MCL,INDEPENDENT_UNIQUE,0.0,EXTERNAL_BENCHMARK_KEEP
sj-04-4967-R2_003.tif,C:\Users\LIKHITH ARYA\OneDrive\Desktop\The Dataset for Major Project\Malignant Lymphoma Classification\MCL\sj-04-4967-R2_003.tif,MCL,INDEPENDENT_UNIQUE,0.0,EXTERNAL_BENCHMARK_KEEP
sj-04-4967-R2_004.tif,C:\Users\LIKHITH ARYA\OneDrive\Desktop\The Dataset for Major Project\Malignant Lymphoma Classification\MCL\sj-04-4967-R2_004.tif,MCL,INDEPENDENT_UNIQUE,0.0,EXTERNAL_BENCHMARK_KEEP
sj-04-4967-R2_005.tif,C:\Users\LIKHITH ARYA\OneDrive\Desktop\The Dataset for Major Project\Malignant Lymphoma Classification\MCL\sj-04-4967-R2_005.tif,MCL,INDEPENDENT_UNIQUE,0.0,EXTERNAL_BENCHMARK_KEEP
sj-04-4967-R2_006.tif,C:\Users\LIKHITH ARYA\OneDrive\Desktop\The Dataset for Major Project\Malignant Lymphoma Classification\MCL\sj-04-4967-R2_006.tif,MCL,INDEPENDENT_UNIQUE,0.0,EXTERNAL_BENCHMARK_KEEP
sj-04-4967-R2_007.tif,C:\Users\LIKHITH ARYA\OneDrive\Desktop\The Dataset for Major Project\Malignant Lymphoma Classification\MCL\sj-04-4967-R2_007.tif,MCL,INDEPENDENT_UNIQUE,0.0,EXTERNAL_BENCHMARK_KEEP
sj-04-4967-R2_008.tif,C:\Users\LIKHITH ARYA\OneDrive\Desktop\The Dataset for Major Project\Malignant Lymphoma Classification\MCL\sj-04-4967-R2_008.tif,MCL,INDEPENDENT_UNIQUE,0.0,EXTERNAL_BENCHMARK_KEEP
sj-04-4967-R2_009.tif,C:\Users\LIKHITH ARYA\OneDrive\Desktop\The Dataset for Major Project\Malignant Lymphoma Classification\MCL\sj-04-4967-R2_009.tif,MCL,INDEPENDENT_UNIQUE,0.0,EXTERNAL_BENCHMARK_KEEP
sj-04-4967-R2_010.tif,C:\Users\LIKHITH ARYA\OneDrive\Desktop\The Dataset for Major Project\Malignant Lymphoma Classification\MCL\sj-04-4967-R2_010.tif,MCL,INDEPENDENT_UNIQUE,0.0,EXTERNAL_BENCHMARK_KEEP
sj-04-4967-R2_011.tif,C:\Users\LIKHITH ARYA\OneDrive\Desktop\The Dataset for Major Project\Malignant Lymphoma Classification\MCL\sj-04-4967-R2_011.tif,MCL,INDEPENDENT_UNIQUE,0.0,EXTERNAL_BENCHMARK_KEEP
sj-04-6010-R3_001.tif,C:\Users\LIKHITH ARYA\OneDrive\Desktop\The Dataset for Major Project\Malignant Lymphoma Classification\MCL\sj-04-6010-R3_001.tif,MCL,INDEPENDENT_UNIQUE,0.0,EXTERNAL_BENCHMARK_KEEP
sj-04-6010-R3_002.tif,C:\Users\LIKHITH ARYA\OneDrive\Desktop\The Dataset for Major Project\Malignant Lymphoma Classification\MCL\sj-04-6010-R3_002.tif,MCL,INDEPENDENT_UNIQUE,0.0,EXTERNAL_BENCHMARK_KEEP
sj-04-6010-R3_003.tif,C:\Users\LIKHITH ARYA\OneDrive\Desktop\The Dataset for Major Project\Malignant Lymphoma Classification\MCL\sj-04-6010-R3_003.tif,MCL,INDEPENDENT_UNIQUE,0.0,EXTERNAL_BENCHMARK_KEEP
sj-04-6010-R3_004.tif,C:\Users\LIKHITH ARYA\OneDrive\Desktop\The Dataset for Major Project\Malignant Lymphoma Classification\MCL\sj-04-6010-R3_004.tif,MCL,INDEPENDENT_UNIQUE,0.0,EXTERNAL_BENCHMARK_KEEP
sj-04-6010-R3_005.tif,C:\Users\LIKHITH ARYA\OneDrive\Desktop\The Dataset for Major Project\Malignant Lymphoma Classification\MCL\sj-04-6010-R3_005.tif,MCL,INDEPENDENT_UNIQUE,0.0,EXTERNAL_BENCHMARK_KEEP
sj-04-6010-R3_006.tif,C:\Users\LIKHITH ARYA\OneDrive\Desktop\The Dataset for Major Project\Malignant Lymphoma Classification\MCL\sj-04-6010-R3_006.tif,MCL,INDEPENDENT_UNIQUE,0.0,EXTERNAL_BENCHMARK_KEEP
sj-04-6010-R3_007.tif,C:\Users\LIKHITH ARYA\OneDrive\Desktop\The Dataset for Major Project\Malignant Lymphoma Classification\MCL\sj-04-6010-R3_007.tif,MCL,INDEPENDENT_UNIQUE,0.0,EXTERNAL_BENCHMARK_KEEP
sj-04-6010-R3_008.tif,C:\Users\LIKHITH ARYA\OneDrive\Desktop\The Dataset for Major Project\Malignant Lymphoma Classification\MCL\sj-04-6010-R3_008.tif,MCL,INDEPENDENT_UNIQUE,0.0,EXTERNAL_BENCHMARK_KEEP
sj-04-6010-R3_009.tif,C:\Users\LIKHITH ARYA\OneDrive\Desktop\The Dataset for Major Project\Malignant Lymphoma Classification\MCL\sj-04-6010-R3_009.tif,MCL,INDEPENDENT_UNIQUE,0.0,EXTERNAL_BENCHMARK_KEEP
sj-04-6010-R3_010.tif,C:\Users\LIKHITH ARYA\OneDrive\Desktop\The Dataset for Major Project\Malignant Lymphoma Classification\MCL\sj-04-6010-R3_010.tif,MCL,INDEPENDENT_UNIQUE,0.0,EXTERNAL_BENCHMARK_KEEP
sj-04-6010-R3_011.tif,C:\Users\LIKHITH ARYA\OneDrive\Desktop\The Dataset for Major Project\Malignant Lymphoma Classification\MCL\sj-04-6010-R3_011.tif,MCL,INDEPENDENT_UNIQUE,0.0,EXTERNAL_BENCHMARK_KEEP
sj-05-1374_001.tif,C:\Users\LIKHITH ARYA\OneDrive\Desktop\The Dataset for Major Project\Malignant Lymphoma Classification\MCL\sj-05-1374_001.tif,MCL,INDEPENDENT_UNIQUE,0.0,EXTERNAL_BENCHMARK_KEEP
sj-05-1374_002.tif,C:\Users\LIKHITH ARYA\OneDrive\Desktop\The Dataset for Major Project\Malignant Lymphoma Classification\MCL\sj-05-1374_002.tif,MCL,INDEPENDENT_UNIQUE,0.0,EXTERNAL_BENCHMARK_KEEP
sj-05-1374_003.tif,C:\Users\LIKHITH ARYA\OneDrive\Desktop\The Dataset for Major Project\Malignant Lymphoma Classification\MCL\sj-05-1374_003.tif,MCL,INDEPENDENT_UNIQUE,0.0,EXTERNAL_BENCHMARK_KEEP
sj-05-1374_004.tif,C:\Users\LIKHITH ARYA\OneDrive\Desktop\The Dataset for Major Project\Malignant Lymphoma Classification\MCL\sj-05-1374_004.tif,MCL,INDEPENDENT_UNIQUE,0.0,EXTERNAL_BENCHMARK_KEEP
sj-05-1374_005.tif,C:\Users\LIKHITH ARYA\OneDrive\Desktop\The Dataset for Major Project\Malignant Lymphoma Classification\MCL\sj-05-1374_005.tif,MCL,INDEPENDENT_UNIQUE,0.0,EXTERNAL_BENCHMARK_KEEP
sj-05-1374_006.tif,C:\Users\LIKHITH ARYA\OneDrive\Desktop\The Dataset for Major Project\Malignant Lymphoma Classification\MCL\sj-05-1374_006.tif,MCL,INDEPENDENT_UNIQUE,0.0,EXTERNAL_BENCHMARK_KEEP
sj-05-1374_007.tif,C:\Users\LIKHITH ARYA\OneDrive\Desktop\The Dataset for Major Project\Malignant Lymphoma Classification\MCL\sj-05-1374_007.tif,MCL,INDEPENDENT_UNIQUE,0.0,EXTERNAL_BENCHMARK_KEEP
sj-05-1374_008.tif,C:\Users\LIKHITH ARYA\OneDrive\Desktop\The Dataset for Major Project\Malignant Lymphoma Classification\MCL\sj-05-1374_008.tif,MCL,INDEPENDENT_UNIQUE,0.0,EXTERNAL_BENCHMARK_KEEP
sj-05-1374_009.tif,C:\Users\LIKHITH ARYA\OneDrive\Desktop\The Dataset for Major Project\Malignant Lymphoma Classification\MCL\sj-05-1374_009.tif,MCL,INDEPENDENT_UNIQUE,0.0,EXTERNAL_BENCHMARK_KEEP
sj-05-1374_010.tif,C:\Users\LIKHITH ARYA\OneDrive\Desktop\The Dataset for Major Project\Malignant Lymphoma Classification\MCL\sj-05-1374_010.tif,MCL,INDEPENDENT_UNIQUE,0.0,EXTERNAL_BENCHMARK_KEEP
sj-05-1374_011.tif,C:\Users\LIKHITH ARYA\OneDrive\Desktop\The Dataset for Major Project\Malignant Lymphoma Classification\MCL\sj-05-1374_011.tif,MCL,INDEPENDENT_UNIQUE,0.0,EXTERNAL_BENCHMARK_KEEP
sj-05-1374_012.tif,C:\Users\LIKHITH ARYA\OneDrive\Desktop\The Dataset for Major Project\Malignant Lymphoma Classification\MCL\sj-05-1374_012.tif,MCL,INDEPENDENT_UNIQUE,0.0,EXTERNAL_BENCHMARK_KEEP
sj-05-1374_013.tif,C:\Users\LIKHITH ARYA\OneDrive\Desktop\The Dataset for Major Project\Malignant Lymphoma Classification\MCL\sj-05-1374_013.tif,MCL,INDEPENDENT_UNIQUE,0.0,EXTERNAL_BENCHMARK_KEEP
sj-05-1374_014.tif,C:\Users\LIKHITH ARYA\OneDrive\Desktop\The Dataset for Major Project\Malignant Lymphoma Classification\MCL\sj-05-1374_014.tif,MCL,INDEPENDENT_UNIQUE,0.0,EXTERNAL_BENCHMARK_KEEP
sj-05-3362-R2_001.tif,C:\Users\LIKHITH ARYA\OneDrive\Desktop\The Dataset for Major Project\Malignant Lymphoma Classification\MCL\sj-05-3362-R2_001.tif,MCL,NEAR_DUPLICATE,0.95,NEAR_DUPLICATE_FLAGGED
sj-05-3362-R2_002.tif,C:\Users\LIKHITH ARYA\OneDrive\Desktop\The Dataset for Major Project\Malignant Lymphoma Classification\MCL\sj-05-3362-R2_002.tif,MCL,INDEPENDENT_UNIQUE,0.0,EXTERNAL_BENCHMARK_KEEP
sj-05-3362-R2_003.tif,C:\Users\LIKHITH ARYA\OneDrive\Desktop\The Dataset for Major Project\Malignant Lymphoma Classification\MCL\sj-05-3362-R2_003.tif,MCL,INDEPENDENT_UNIQUE,0.0,EXTERNAL_BENCHMARK_KEEP
sj-05-3362-R2_004.tif,C:\Users\LIKHITH ARYA\OneDrive\Desktop\The Dataset for Major Project\Malignant Lymphoma Classification\MCL\sj-05-3362-R2_004.tif,MCL,INDEPENDENT_UNIQUE,0.0,EXTERNAL_BENCHMARK_KEEP
sj-05-3362-R2_005.tif,C:\Users\LIKHITH ARYA\OneDrive\Desktop\The Dataset for Major Project\Malignant Lymphoma Classification\MCL\sj-05-3362-R2_005.tif,MCL,INDEPENDENT_UNIQUE,0.0,EXTERNAL_BENCHMARK_KEEP
sj-05-3362-R2_006.tif,C:\Users\LIKHITH ARYA\OneDrive\Desktop\The Dataset for Major Project\Malignant Lymphoma Classification\MCL\sj-05-3362-R2_006.tif,MCL,INDEPENDENT_UNIQUE,0.0,EXTERNAL_BENCHMARK_KEEP
sj-05-3362-R2_007.tif,C:\Users\LIKHITH ARYA\OneDrive\Desktop\The Dataset for Major Project\Malignant Lymphoma Classification\MCL\sj-05-3362-R2_007.tif,MCL,INDEPENDENT_UNIQUE,0.0,EXTERNAL_BENCHMARK_KEEP
sj-05-3362-R2_008.tif,C:\Users\LIKHITH ARYA\OneDrive\Desktop\The Dataset for Major Project\Malignant Lymphoma Classification\MCL\sj-05-3362-R2_008.tif,MCL,INDEPENDENT_UNIQUE,0.0,EXTERNAL_BENCHMARK_KEEP
sj-05-3362-R2_009.tif,C:\Users\LIKHITH ARYA\OneDrive\Desktop\The Dataset for Major Project\Malignant Lymphoma Classification\MCL\sj-05-3362-R2_009.tif,MCL,INDEPENDENT_UNIQUE,0.0,EXTERNAL_BENCHMARK_KEEP
sj-05-3362-R2_010.tif,C:\Users\LIKHITH ARYA\OneDrive\Desktop\The Dataset for Major Project\Malignant Lymphoma Classification\MCL\sj-05-3362-R2_010.tif,MCL,INDEPENDENT_UNIQUE,0.0,EXTERNAL_BENCHMARK_KEEP
sj-05-3362-R2_011.tif,C:\Users\LIKHITH ARYA\OneDrive\Desktop\The Dataset for Major Project\Malignant Lymphoma Classification\MCL\sj-05-3362-R2_011.tif,MCL,INDEPENDENT_UNIQUE,0.0,EXTERNAL_BENCHMARK_KEEP
sj-05-3362-R2_012.tif,C:\Users\LIKHITH ARYA\OneDrive\Desktop\The Dataset for Major Project\Malignant Lymphoma Classification\MCL\sj-05-3362-R2_012.tif,MCL,INDEPENDENT_UNIQUE,0.0,EXTERNAL_BENCHMARK_KEEP
sj-05-3362-R2_013.tif,C:\Users\LIKHITH ARYA\OneDrive\Desktop\The Dataset for Major Project\Malignant Lymphoma Classification\MCL\sj-05-3362-R2_013.tif,MCL,INDEPENDENT_UNIQUE,0.0,EXTERNAL_BENCHMARK_KEEP
sj-05-3362-R2_014.tif,C:\Users\LIKHITH ARYA\OneDrive\Desktop\The Dataset for Major Project\Malignant Lymphoma Classification\MCL\sj-05-3362-R2_014.tif,MCL,INDEPENDENT_UNIQUE,0.0,EXTERNAL_BENCHMARK_KEEP
sj-05-3362-R2_015.tif,C:\Users\LIKHITH ARYA\OneDrive\Desktop\The Dataset for Major Project\Malignant Lymphoma Classification\MCL\sj-05-3362-R2_015.tif,MCL,INDEPENDENT_UNIQUE,0.0,EXTERNAL_BENCHMARK_KEEP
sj-05-4179-R1_002.tif,C:\Users\LIKHITH ARYA\OneDrive\Desktop\The Dataset for Major Project\Malignant Lymphoma Classification\MCL\sj-05-4179-R1_002.tif,MCL,INDEPENDENT_UNIQUE,0.0,EXTERNAL_BENCHMARK_KEEP
sj-05-4179-R1_003.tif,C:\Users\LIKHITH ARYA\OneDrive\Desktop\The Dataset for Major Project\Malignant Lymphoma Classification\MCL\sj-05-4179-R1_003.tif,MCL,INDEPENDENT_UNIQUE,0.0,EXTERNAL_BENCHMARK_KEEP
sj-05-4179-R1_004.tif,C:\Users\LIKHITH ARYA\OneDrive\Desktop\The Dataset for Major Project\Malignant Lymphoma Classification\MCL\sj-05-4179-R1_004.tif,MCL,INDEPENDENT_UNIQUE,0.0,EXTERNAL_BENCHMARK_KEEP
sj-05-4179-R1_005.tif,C:\Users\LIKHITH ARYA\OneDrive\Desktop\The Dataset for Major Project\Malignant Lymphoma Classification\MCL\sj-05-4179-R1_005.tif,MCL,INDEPENDENT_UNIQUE,0.0,EXTERNAL_BENCHMARK_KEEP
sj-05-4179-R1_006.tif,C:\Users\LIKHITH ARYA\OneDrive\Desktop\The Dataset for Major Project\Malignant Lymphoma Classification\MCL\sj-05-4179-R1_006.tif,MCL,INDEPENDENT_UNIQUE,0.0,EXTERNAL_BENCHMARK_KEEP
sj-05-4179-R1_007.tif,C:\Users\LIKHITH ARYA\OneDrive\Desktop\The Dataset for Major Project\Malignant Lymphoma Classification\MCL\sj-05-4179-R1_007.tif,MCL,INDEPENDENT_UNIQUE,0.0,EXTERNAL_BENCHMARK_KEEP
sj-05-4179-R1_008.tif,C:\Users\LIKHITH ARYA\OneDrive\Desktop\The Dataset for Major Project\Malignant Lymphoma Classification\MCL\sj-05-4179-R1_008.tif,MCL,INDEPENDENT_UNIQUE,0.0,EXTERNAL_BENCHMARK_KEEP
sj-05-4179-R1_009.tif,C:\Users\LIKHITH ARYA\OneDrive\Desktop\The Dataset for Major Project\Malignant Lymphoma Classification\MCL\sj-05-4179-R1_009.tif,MCL,INDEPENDENT_UNIQUE,0.0,EXTERNAL_BENCHMARK_KEEP
sj-05-4179-R1_010.tif,C:\Users\LIKHITH ARYA\OneDrive\Desktop\The Dataset for Major Project\Malignant Lymphoma Classification\MCL\sj-05-4179-R1_010.tif,MCL,INDEPENDENT_UNIQUE,0.0,EXTERNAL_BENCHMARK_KEEP
sj-05-4179-R1_011.tif,C:\Users\LIKHITH ARYA\OneDrive\Desktop\The Dataset for Major Project\Malignant Lymphoma Classification\MCL\sj-05-4179-R1_011.tif,MCL,INDEPENDENT_UNIQUE,0.0,EXTERNAL_BENCHMARK_KEEP
sj-05-4179-R1_012.tif,C:\Users\LIKHITH ARYA\OneDrive\Desktop\The Dataset for Major Project\Malignant Lymphoma Classification\MCL\sj-05-4179-R1_012.tif,MCL,INDEPENDENT_UNIQUE,0.0,EXTERNAL_BENCHMARK_KEEP
sj-05-5326-R1_001.tif,C:\Users\LIKHITH ARYA\OneDrive\Desktop\The Dataset for Major Project\Malignant Lymphoma Classification\MCL\sj-05-5326-R1_001.tif,MCL,INDEPENDENT_UNIQUE,0.0,EXTERNAL_BENCHMARK_KEEP
sj-05-5326-R1_002.tif,C:\Users\LIKHITH ARYA\OneDrive\Desktop\The Dataset for Major Project\Malignant Lymphoma Classification\MCL\sj-05-5326-R1_002.tif,MCL,INDEPENDENT_UNIQUE,0.0,EXTERNAL_BENCHMARK_KEEP
sj-05-5326-R1_003.tif,C:\Users\LIKHITH ARYA\OneDrive\Desktop\The Dataset for Major Project\Malignant Lymphoma Classification\MCL\sj-05-5326-R1_003.tif,MCL,INDEPENDENT_UNIQUE,0.0,EXTERNAL_BENCHMARK_KEEP
sj-05-5326-R1_004.tif,C:\Users\LIKHITH ARYA\OneDrive\Desktop\The Dataset for Major Project\Malignant Lymphoma Classification\MCL\sj-05-5326-R1_004.tif,MCL,INDEPENDENT_UNIQUE,0.0,EXTERNAL_BENCHMARK_KEEP
sj-05-5326-R1_005.tif,C:\Users\LIKHITH ARYA\OneDrive\Desktop\The Dataset for Major Project\Malignant Lymphoma Classification\MCL\sj-05-5326-R1_005.tif,MCL,INDEPENDENT_UNIQUE,0.0,EXTERNAL_BENCHMARK_KEEP
sj-05-5326-R1_006.tif,C:\Users\LIKHITH ARYA\OneDrive\Desktop\The Dataset for Major Project\Malignant Lymphoma Classification\MCL\sj-05-5326-R1_006.tif,MCL,INDEPENDENT_UNIQUE,0.0,EXTERNAL_BENCHMARK_KEEP
sj-05-5326-R1_007.tif,C:\Users\LIKHITH ARYA\OneDrive\Desktop\The Dataset for Major Project\Malignant Lymphoma Classification\MCL\sj-05-5326-R1_007.tif,MCL,INDEPENDENT_UNIQUE,0.0,EXTERNAL_BENCHMARK_KEEP
sj-05-5326-R1_008.tif,C:\Users\LIKHITH ARYA\OneDrive\Desktop\The Dataset for Major Project\Malignant Lymphoma Classification\MCL\sj-05-5326-R1_008.tif,MCL,INDEPENDENT_UNIQUE,0.0,EXTERNAL_BENCHMARK_KEEP
sj-05-5326-R1_009.tif,C:\Users\LIKHITH ARYA\OneDrive\Desktop\The Dataset for Major Project\Malignant Lymphoma Classification\MCL\sj-05-5326-R1_009.tif,MCL,INDEPENDENT_UNIQUE,0.0,EXTERNAL_BENCHMARK_KEEP
sj-05-5326-R1_010.tif,C:\Users\LIKHITH ARYA\OneDrive\Desktop\The Dataset for Major Project\Malignant Lymphoma Classification\MCL\sj-05-5326-R1_010.tif,MCL,INDEPENDENT_UNIQUE,0.0,EXTERNAL_BENCHMARK_KEEP
sj-05-5326-R1_011.tif,C:\Users\LIKHITH ARYA\OneDrive\Desktop\The Dataset for Major Project\Malignant Lymphoma Classification\MCL\sj-05-5326-R1_011.tif,MCL,INDEPENDENT_UNIQUE,0.0,EXTERNAL_BENCHMARK_KEEP
sj-05-5326-R1_012.tif,C:\Users\LIKHITH ARYA\OneDrive\Desktop\The Dataset for Major Project\Malignant Lymphoma Classification\MCL\sj-05-5326-R1_012.tif,MCL,INDEPENDENT_UNIQUE,0.0,EXTERNAL_BENCHMARK_KEEP
sj-05-768_001.tif,C:\Users\LIKHITH ARYA\OneDrive\Desktop\The Dataset for Major Project\Malignant Lymphoma Classification\MCL\sj-05-768_001.tif,MCL,INDEPENDENT_UNIQUE,0.0,EXTERNAL_BENCHMARK_KEEP
sj-05-768_002.tif,C:\Users\LIKHITH ARYA\OneDrive\Desktop\The Dataset for Major Project\Malignant Lymphoma Classification\MCL\sj-05-768_002.tif,MCL,INDEPENDENT_UNIQUE,0.0,EXTERNAL_BENCHMARK_KEEP
sj-05-768_003.tif,C:\Users\LIKHITH ARYA\OneDrive\Desktop\The Dataset for Major Project\Malignant Lymphoma Classification\MCL\sj-05-768_003.tif,MCL,INDEPENDENT_UNIQUE,0.0,EXTERNAL_BENCHMARK_KEEP
sj-05-768_004.tif,C:\Users\LIKHITH ARYA\OneDrive\Desktop\The Dataset for Major Project\Malignant Lymphoma Classification\MCL\sj-05-768_004.tif,MCL,INDEPENDENT_UNIQUE,0.0,EXTERNAL_BENCHMARK_KEEP
sj-05-768_005.tif,C:\Users\LIKHITH ARYA\OneDrive\Desktop\The Dataset for Major Project\Malignant Lymphoma Classification\MCL\sj-05-768_005.tif,MCL,INDEPENDENT_UNIQUE,0.0,EXTERNAL_BENCHMARK_KEEP
sj-05-768_006.tif,C:\Users\LIKHITH ARYA\OneDrive\Desktop\The Dataset for Major Project\Malignant Lymphoma Classification\MCL\sj-05-768_006.tif,MCL,INDEPENDENT_UNIQUE,0.0,EXTERNAL_BENCHMARK_KEEP
sj-05-768_007.tif,C:\Users\LIKHITH ARYA\OneDrive\Desktop\The Dataset for Major Project\Malignant Lymphoma Classification\MCL\sj-05-768_007.tif,MCL,INDEPENDENT_UNIQUE,0.0,EXTERNAL_BENCHMARK_KEEP
sj-05-768_008.tif,C:\Users\LIKHITH ARYA\OneDrive\Desktop\The Dataset for Major Project\Malignant Lymphoma Classification\MCL\sj-05-768_008.tif,MCL,INDEPENDENT_UNIQUE,0.0,EXTERNAL_BENCHMARK_KEEP
sj-05-768_009.tif,C:\Users\LIKHITH ARYA\OneDrive\Desktop\The Dataset for Major Project\Malignant Lymphoma Classification\MCL\sj-05-768_009.tif,MCL,INDEPENDENT_UNIQUE,0.0,EXTERNAL_BENCHMARK_KEEP
sj-05-768_010.tif,C:\Users\LIKHITH ARYA\OneDrive\Desktop\The Dataset for Major Project\Malignant Lymphoma Classification\MCL\sj-05-768_010.tif,MCL,INDEPENDENT_UNIQUE,0.0,EXTERNAL_BENCHMARK_KEEP
sj-05-768_011.tif,C:\Users\LIKHITH ARYA\OneDrive\Desktop\The Dataset for Major Project\Malignant Lymphoma Classification\MCL\sj-05-768_011.tif,MCL,INDEPENDENT_UNIQUE,0.0,EXTERNAL_BENCHMARK_KEEP
sj-05-768_012.tif,C:\Users\LIKHITH ARYA\OneDrive\Desktop\The Dataset for Major Project\Malignant Lymphoma Classification\MCL\sj-05-768_012.tif,MCL,INDEPENDENT_UNIQUE,0.0,EXTERNAL_BENCHMARK_KEEP
sj-05-768_013.tif,C:\Users\LIKHITH ARYA\OneDrive\Desktop\The Dataset for Major Project\Malignant Lymphoma Classification\MCL\sj-05-768_013.tif,MCL,INDEPENDENT_UNIQUE,0.0,EXTERNAL_BENCHMARK_KEEP
sj-05-768_014.tif,C:\Users\LIKHITH ARYA\OneDrive\Desktop\The Dataset for Major Project\Malignant Lymphoma Classification\MCL\sj-05-768_014.tif,MCL,INDEPENDENT_UNIQUE,0.0,EXTERNAL_BENCHMARK_KEEP
sj-05-768_015.tif,C:\Users\LIKHITH ARYA\OneDrive\Desktop\The Dataset for Major Project\Malignant Lymphoma Classification\MCL\sj-05-768_015.tif,MCL,INDEPENDENT_UNIQUE,0.0,EXTERNAL_BENCHMARK_KEEP
sj-05-901-R1_001.tif,C:\Users\LIKHITH ARYA\OneDrive\Desktop\The Dataset for Major Project\Malignant Lymphoma Classification\MCL\sj-05-901-R1_001.tif,MCL,INDEPENDENT_UNIQUE,0.0,EXTERNAL_BENCHMARK_KEEP
sj-05-901-R1_002.tif,C:\Users\LIKHITH ARYA\OneDrive\Desktop\The Dataset for Major Project\Malignant Lymphoma Classification\MCL\sj-05-901-R1_002.tif,MCL,INDEPENDENT_UNIQUE,0.0,EXTERNAL_BENCHMARK_KEEP
sj-05-901-R1_003.tif,C:\Users\LIKHITH ARYA\OneDrive\Desktop\The Dataset for Major Project\Malignant Lymphoma Classification\MCL\sj-05-901-R1_003.tif,MCL,INDEPENDENT_UNIQUE,0.0,EXTERNAL_BENCHMARK_KEEP
sj-05-901-R1_004.tif,C:\Users\LIKHITH ARYA\OneDrive\Desktop\The Dataset for Major Project\Malignant Lymphoma Classification\MCL\sj-05-901-R1_004.tif,MCL,INDEPENDENT_UNIQUE,0.0,EXTERNAL_BENCHMARK_KEEP
sj-05-901-R1_005.tif,C:\Users\LIKHITH ARYA\OneDrive\Desktop\The Dataset for Major Project\Malignant Lymphoma Classification\MCL\sj-05-901-R1_005.tif,MCL,INDEPENDENT_UNIQUE,0.0,EXTERNAL_BENCHMARK_KEEP
sj-05-901-R1_006.tif,C:\Users\LIKHITH ARYA\OneDrive\Desktop\The Dataset for Major Project\Malignant Lymphoma Classification\MCL\sj-05-901-R1_006.tif,MCL,INDEPENDENT_UNIQUE,0.0,EXTERNAL_BENCHMARK_KEEP
sj-05-901-R1_007.tif,C:\Users\LIKHITH ARYA\OneDrive\Desktop\The Dataset for Major Project\Malignant Lymphoma Classification\MCL\sj-05-901-R1_007.tif,MCL,INDEPENDENT_UNIQUE,0.0,EXTERNAL_BENCHMARK_KEEP
sj-05-901-R1_008.tif,C:\Users\LIKHITH ARYA\OneDrive\Desktop\The Dataset for Major Project\Malignant Lymphoma Classification\MCL\sj-05-901-R1_008.tif,MCL,INDEPENDENT_UNIQUE,0.0,EXTERNAL_BENCHMARK_KEEP
sj-05-901-R1_009.tif,C:\Users\LIKHITH ARYA\OneDrive\Desktop\The Dataset for Major Project\Malignant Lymphoma Classification\MCL\sj-05-901-R1_009.tif,MCL,INDEPENDENT_UNIQUE,0.0,EXTERNAL_BENCHMARK_KEEP
sj-05-901-R1_010.tif,C:\Users\LIKHITH ARYA\OneDrive\Desktop\The Dataset for Major Project\Malignant Lymphoma Classification\MCL\sj-05-901-R1_010.tif,MCL,INDEPENDENT_UNIQUE,0.0,EXTERNAL_BENCHMARK_KEEP
